,Age,DailyRate,DistanceFromHome,MonthlyIncome,MonthlyRate,PercentSalaryHike,TotalWorkingYears,YearsAtCompany,YearsInCurrentRole,YearsSinceLastPromotion,YearsWithCurrManager
0,52,994,7,10445,15322,19,18,8,6,4,0
1,34,167,8,5121,4187,14,7,0,0,0,0
2,42,647,4,5155,2253,13,9,6,4,1,5
3,30,1334,4,5209,19760,12,11,11,8,2,7
4,28,529,2,3485,14935,11,5,0,0,0,0
5,46,1034,18,10527,8984,11,28,2,2,1,2
6,36,429,2,5410,2323,11,18,16,14,5,12
7,40,759,2,5715,22553,12,8,5,4,1,3
8,34,479,7,2972,22061,13,1,1,0,0,0
9,49,279,8,5130,24907,23,10,10,7,1,7
10,25,1280,7,2889,26897,11,2,2,2,2,1
11,53,447,2,16598,19764,12,35,9,8,8,8
12,42,932,1,6062,4051,13,8,4,3,0,2
13,36,660,15,4834,7858,14,9,1,0,0,0
14,25,688,3,4031,9396,13,6,2,2,0,2
15,42,916,17,6545,23016,13,10,3,2,0,2
16,25,240,5,5744,26959,11,6,6,4,0,3
17,39,867,9,5151,12315,25,10,10,0,7,9
18,37,367,25,5731,17171,13,9,6,2,1,3
19,29,469,10,5869,23413,11,8,5,2,1,4
20,31,471,4,3978,16031,12,4,2,2,2,2
21,50,813,17,13269,21981,15,19,14,11,1,11
22,30,1012,5,3761,2373,12,10,5,4,0,3
23,55,1441,22,3537,23737,12,8,4,2,1,2
24,33,217,10,5487,10410,14,10,10,4,0,9
25,58,1272,5,10552,9255,13,24,6,0,0,4
26,54,142,26,17328,13871,12,23,5,3,4,4
27,30,945,9,1081,16019,13,1,1,0,0,0
28,29,224,1,2362,7568,13,11,9,7,0,7
29,33,213,7,11691,25995,11,14,13,9,3,7
30,48,277,6,4240,13119,13,19,2,2,2,2
31,27,1055,2,4227,4658,18,4,3,2,2,2
32,28,773,6,2703,22088,14,3,3,1,0,2
33,33,1146,25,4539,4905,12,10,10,7,0,1
34,30,1358,16,5301,2939,15,4,2,1,2,2
35,36,894,1,4374,15411,15,4,3,2,1,2
36,26,887,5,2366,20898,14,8,8,7,1,7
37,36,913,9,8847,13934,11,13,3,2,0,2
38,52,771,2,19068,21030,18,33,33,7,15,12
39,33,654,5,7119,21214,15,9,3,2,1,2
40,31,616,12,5855,17369,11,10,9,7,8,5
41,21,501,5,2380,25479,11,2,2,2,1,2
42,34,1003,2,4033,15834,11,5,3,2,0,2
43,38,1189,1,4735,9867,15,19,13,11,2,9
44,35,660,7,2404,16192,13,1,1,0,0,0
45,24,506,29,3907,3622,13,6,6,2,1,2
46,33,118,16,5324,26507,15,6,3,2,0,2
47,24,693,3,4577,24785,14,4,2,2,2,0
48,21,996,3,3230,10531,17,3,3,2,1,0
49,44,1313,7,19049,3549,14,23,22,7,1,10
50,40,1202,2,6377,13888,20,15,12,11,11,8
51,51,1302,2,5482,16321,18,13,4,1,1,2
52,54,1050,11,16032,24456,20,26,14,9,1,12
53,25,959,28,8639,24835,18,6,2,2,2,2
54,26,471,24,2340,23213,18,1,1,0,0,0
55,38,653,29,2406,5456,11,10,10,3,9,9
56,38,240,2,5980,26085,12,17,15,7,4,12
57,38,888,10,6077,14814,11,10,6,3,1,2
58,37,397,7,13664,25258,13,16,5,2,0,2
59,35,1276,16,7632,14295,12,10,8,7,0,0
60,37,1319,6,5974,17001,13,13,7,7,6,7
61,43,313,21,2258,15238,20,8,3,2,1,2
62,37,1017,1,3920,18697,14,17,3,1,0,2
63,28,1103,16,2144,2122,14,5,5,3,1,4
64,40,804,2,2342,22929,20,5,4,2,2,3
65,30,501,27,5304,25275,23,10,8,7,7,7
66,34,658,7,6074,22887,24,9,9,7,0,6
67,37,921,10,3452,17663,20,17,5,4,0,3
68,29,1246,19,8620,23757,14,10,10,7,0,4
69,34,1326,3,4759,15891,18,15,13,9,3,12
70,35,1180,2,5762,24442,14,15,7,7,1,7
71,34,699,6,2960,17102,11,8,4,2,1,3
72,31,587,2,9852,8935,19,10,10,8,9,6
73,36,427,8,11713,20335,14,10,8,7,0,5
74,52,621,3,16856,10084,11,34,34,6,1,16
75,55,267,13,13695,9277,17,24,19,7,3,8
76,38,1495,10,9824,22174,19,18,1,0,0,0
77,43,343,9,2438,24978,13,7,3,2,1,2
78,34,511,3,6029,25353,12,6,2,2,2,2
79,29,1389,21,9980,10195,11,10,10,9,8,8
80,22,457,26,2814,10293,14,4,4,2,1,3
81,47,719,27,6397,10339,12,8,5,4,1,3
82,45,1339,7,9724,18787,17,25,1,0,0,0
83,46,1485,18,4810,26314,14,19,10,7,0,8
84,30,1116,2,2564,7181,14,12,11,7,6,7
85,47,217,3,13770,10225,12,28,22,2,11,13
86,39,672,7,19272,21141,15,21,21,9,13,3
87,21,895,9,2610,2851,24,3,3,2,2,2
88,46,638,1,10673,3142,13,21,10,9,9,5
89,40,1395,26,5605,8504,11,20,20,7,2,13
90,29,332,17,7988,9769,13,10,10,9,0,9
91,30,201,5,3204,10415,14,8,3,2,2,2
92,28,1181,1,2044,5531,11,5,5,3,0,3
93,36,469,3,3692,9256,12,12,11,10,0,7
94,40,523,2,4661,22455,13,9,9,8,8,8
95,39,711,4,5042,3140,13,10,9,2,3,8
96,42,1128,13,5538,5696,18,10,0,0,0,0
97,54,431,7,6854,15696,15,14,7,1,1,7
98,50,854,1,19517,24118,11,32,7,0,0,6
99,45,549,8,3697,9278,14,12,10,9,9,8
100,33,1198,1,2799,3339,11,6,3,2,0,2
101,31,697,10,11031,26862,20,13,11,7,4,8
102,35,1370,27,6883,5151,16,17,7,7,0,7
103,58,350,2,16291,22577,22,37,16,9,14,14
104,38,216,23,9526,8787,21,10,9,7,1,8
105,27,975,7,6811,23398,19,9,7,6,0,7
106,44,477,7,10248,2094,14,24,22,6,5,17
107,39,613,6,9991,21457,15,9,7,7,1,7
108,36,301,15,5406,10436,24,15,15,12,11,11
109,36,884,1,6815,21447,13,15,1,0,0,0
110,44,920,24,3161,19920,22,19,1,0,0,0
111,29,694,1,16124,3423,14,9,7,7,1,7
112,40,530,1,13503,14115,22,22,22,3,11,11
113,49,1002,18,6804,23793,15,7,7,7,1,7
114,32,689,9,4668,22812,17,9,8,7,0,7
115,50,1421,2,17856,9490,22,32,2,2,2,2
116,30,721,1,4011,10781,23,12,12,8,3,7
117,33,516,8,6388,22049,17,14,0,0,0,0
118,33,575,25,4320,24152,13,5,5,3,0,2
119,26,950,4,5828,8450,12,8,8,7,7,4
120,47,983,2,5070,7389,13,20,5,0,0,4
121,26,474,3,2061,11133,21,1,1,0,0,0
122,44,981,5,3162,7973,14,7,5,2,0,3
123,30,1082,12,6577,19558,11,6,5,4,4,4
124,19,602,1,2325,20989,21,1,0,0,0,0
125,41,930,3,8938,12227,11,14,5,4,0,4
126,27,1277,8,4621,5869,19,3,3,2,1,2
127,25,141,3,4194,14363,18,5,5,3,0,3
128,46,1319,3,13225,7739,12,25,19,17,2,8
129,57,210,29,14118,22102,12,32,1,0,0,0
130,35,1214,1,2859,26278,18,6,6,4,0,4
131,45,1234,11,17650,5404,13,26,9,3,1,1
132,36,607,7,4639,2261,16,17,15,7,6,13
133,25,883,26,6180,22807,23,6,6,5,1,4
134,55,478,2,19038,19805,12,34,1,0,0,0
135,30,448,12,2033,14470,18,1,1,0,0,0
136,53,1219,2,15427,22021,16,31,25,8,3,7
137,37,889,9,2326,11411,12,4,4,2,1,2
138,26,1146,8,5326,3064,17,6,4,3,1,2
139,50,333,22,14411,24450,13,32,32,6,13,9
140,24,1269,4,3162,10778,17,6,5,2,3,4
141,55,452,1,19045,18938,14,37,36,10,4,13
142,37,571,10,2782,19905,13,6,5,3,4,3
143,38,1180,29,6673,11354,19,17,1,0,0,0
144,25,266,1,2096,18830,18,2,2,2,2,1
145,18,1431,14,1514,8018,16,0,0,0,0,0
146,46,150,2,7379,17433,11,12,6,3,1,4
147,27,1377,2,4478,5242,11,5,5,4,0,4
148,24,477,24,3597,6409,22,6,4,3,1,2
149,56,1369,23,13402,18235,12,33,19,16,15,9
150,31,534,20,9824,22908,12,12,1,0,0,0
151,30,1176,20,9957,9096,15,7,6,2,0,2
152,44,1199,4,19190,17477,14,26,25,9,14,13
153,41,167,12,4766,9051,11,6,1,0,0,0
154,36,1213,2,3886,4223,21,10,10,1,0,8
155,27,1054,8,3445,6152,11,6,6,2,1,4
156,51,1178,14,4936,14862,11,18,7,7,0,7
157,45,252,1,19202,15970,11,25,24,0,1,7
158,30,288,2,4152,15830,19,11,11,10,10,8
159,30,1400,3,2097,16734,15,9,5,3,1,4
160,25,309,2,2187,19655,14,6,2,0,1,2
161,38,1245,14,9924,12355,11,10,9,8,7,7
162,41,314,1,19189,19562,12,22,22,7,2,10
163,38,1380,9,2288,6319,12,2,2,2,2,1
164,31,325,5,9936,3787,19,10,9,4,1,7
165,37,663,11,12185,10056,14,10,10,8,0,7
166,30,317,2,6091,24793,20,11,5,4,0,2
167,36,635,10,9980,15318,14,10,10,3,9,7
168,36,1120,11,6652,14369,13,8,6,3,0,0
169,35,636,4,2376,26537,13,2,2,2,2,2
170,48,1355,4,10999,22245,14,27,15,11,4,8
171,56,1162,24,2587,10261,16,5,4,2,1,0
172,36,885,16,2743,8269,16,18,17,13,15,14
173,40,611,7,19833,4349,14,21,21,8,12,8
174,30,334,26,6696,22967,15,9,6,3,0,1
175,45,788,24,2177,8318,16,6,6,3,0,4
176,25,599,24,1118,8040,14,1,1,0,1,0
177,39,443,8,3755,17872,11,8,8,3,0,7
178,42,419,12,5087,2900,12,14,0,0,0,0
179,29,1396,10,2642,2755,11,1,1,0,0,0
180,45,538,1,7441,20933,12,10,10,8,7,7
181,35,1224,7,5204,13586,11,10,10,8,0,9
182,42,1210,2,4841,24052,14,4,1,0,0,0
183,49,271,3,4789,23070,25,10,3,2,1,2
184,38,1333,1,13582,16292,13,15,15,12,5,11
185,40,575,22,6380,6110,12,8,6,4,1,0
186,47,543,2,4978,3536,11,4,1,0,0,0
187,43,1034,16,16064,7744,22,22,17,13,1,9
188,33,827,29,4508,3129,22,14,13,7,3,8
189,29,1328,2,2703,4956,23,6,5,4,0,4
190,28,289,2,2561,5355,11,8,0,0,0,0
191,35,1142,23,4014,16002,15,4,2,2,2,2
192,20,959,1,2836,11757,13,1,1,0,0,0
193,36,1383,10,8321,25949,13,15,12,8,5,7
194,27,954,9,4105,5099,14,7,7,7,0,7
195,43,1179,2,7847,6069,17,10,10,9,8,8
196,42,1059,9,19613,26362,22,24,1,0,0,1
197,29,665,15,2340,22673,19,6,6,5,1,5
198,27,1297,5,2379,19826,14,6,5,4,0,2
199,43,782,6,16627,2671,14,21,1,0,0,0
200,47,1482,5,18300,16375,11,21,3,2,1,1
201,34,1354,5,11631,5615,12,14,11,10,5,8
202,50,410,28,10854,16586,13,20,3,2,2,0
203,38,397,2,7756,14199,19,10,5,4,0,2
204,29,115,13,5765,17485,11,7,5,3,0,0
205,36,566,18,3688,7122,18,4,1,0,0,0
206,51,1150,8,10650,25150,15,18,4,2,0,3
207,36,311,7,2013,10950,11,15,4,3,1,3
208,47,1454,2,3294,13137,18,3,3,2,1,2
209,46,945,5,5021,10425,22,16,4,2,0,2
210,26,1443,23,4157,21436,19,5,2,2,0,0
211,50,1046,10,10496,2755,15,20,4,3,1,3
212,35,737,10,10306,21530,17,15,13,12,6,0
213,33,530,16,5368,16130,25,7,6,5,1,2
214,38,152,10,5666,19899,13,6,5,3,1,3
215,58,1055,1,19701,22456,21,32,9,8,1,5
216,54,1082,2,10686,8392,11,13,9,4,7,0
217,57,334,24,9439,23402,16,12,5,3,1,4
218,34,704,28,6712,8978,21,8,8,7,1,7
219,30,855,7,4779,12761,14,8,3,2,0,2
220,47,202,2,16752,12982,11,26,26,14,3,0
221,37,161,10,13744,15471,25,16,16,11,6,8
222,30,1312,2,4968,26427,16,10,9,7,0,7
223,23,650,9,2500,4344,14,5,4,3,0,2
224,43,957,28,4739,16090,12,18,3,2,1,2
225,32,1018,3,11159,19373,15,10,7,7,7,7
226,31,1463,23,5582,14408,21,10,9,0,7,8
227,42,691,8,6825,21173,11,10,9,7,4,2
228,33,1038,8,2342,21437,19,3,2,2,2,2
229,23,1309,26,2904,16092,12,4,4,2,0,2
230,49,1023,2,5390,13243,14,17,9,6,0,8
231,34,988,23,9950,11533,15,11,3,2,0,2
232,35,1229,8,2269,4892,19,1,1,0,0,1
233,29,746,2,4649,16928,14,4,4,3,0,2
234,34,810,8,6799,22128,21,10,10,8,4,8
235,34,665,6,4809,12482,14,16,16,13,2,10
236,35,1258,1,2506,13301,13,7,2,2,2,2
237,36,217,18,7779,23238,20,18,11,9,0,9
238,34,1130,3,5433,19332,12,11,11,8,7,9
239,32,1318,10,4648,26075,13,4,0,0,0,0
240,25,180,2,3424,21632,13,6,4,3,0,1
241,27,994,8,8726,2975,15,9,9,8,1,7
242,32,827,1,2956,15178,13,1,1,0,0,0
243,32,1045,4,10400,25812,11,14,14,8,9,8
244,56,832,9,11103,20420,11,30,10,7,1,1
245,38,148,2,2440,23826,22,4,4,3,3,3
246,46,563,1,17567,3156,15,27,26,0,0,12
247,50,1246,3,18200,7999,11,32,32,5,10,7
248,51,1323,4,2461,10332,12,18,10,0,2,7
249,37,807,6,2073,23648,22,7,3,2,0,2
250,40,1124,1,7457,13273,22,6,4,3,0,2
251,46,1009,2,17861,2288,13,26,3,2,0,1
252,40,369,8,6516,5041,16,18,1,0,0,0
253,30,1339,5,9419,8053,12,12,10,9,7,4
254,34,1351,1,5484,13008,17,9,2,2,2,1
255,25,622,13,2096,26376,11,7,7,4,0,6
256,55,1311,2,16659,23258,13,30,5,4,1,2
257,20,500,2,2044,22052,13,2,2,2,0,2
258,41,337,8,4393,26841,21,14,5,4,1,4
259,32,267,29,2837,15919,13,6,6,2,4,1
260,34,216,1,9725,12278,11,16,15,1,0,9
261,31,1327,3,13675,13523,12,9,2,2,2,2
262,31,691,5,4821,10077,12,6,5,2,0,3
263,45,193,6,13245,15067,14,17,0,0,0,0
264,41,840,9,19419,3735,17,21,18,16,0,11
265,46,228,3,16606,11380,12,23,13,12,5,1
266,53,1376,2,14852,13938,13,22,17,13,15,2
267,38,770,10,8740,5569,14,9,8,7,2,7
268,45,1448,29,9380,14720,18,10,3,1,1,2
269,56,206,8,19717,4022,14,36,7,3,7,7
270,35,583,25,10388,6975,11,16,16,10,10,1
271,34,735,3,8103,16495,12,9,4,2,0,1
272,47,1180,25,8633,13084,23,25,17,14,12,11
273,33,970,7,4302,13401,17,4,3,2,0,2
274,58,682,10,13872,24409,13,38,37,10,1,8
275,43,244,2,3539,5033,13,10,9,7,1,8
276,40,458,16,3544,8532,16,6,4,2,0,0
277,27,199,6,2539,7950,13,4,4,2,2,2
278,25,867,19,2413,18798,18,1,1,0,0,0
279,19,528,22,1675,26820,19,0,0,0,0,0
280,26,1357,25,2293,10558,12,1,1,0,0,1
281,40,1151,9,4876,14242,14,5,3,2,0,2
282,44,429,1,2342,11092,12,6,5,3,2,3
283,24,240,22,1555,11585,11,1,1,0,0,0
284,35,287,1,2977,8952,12,4,4,3,1,1
285,48,530,29,12504,23978,21,15,0,0,0,0
286,34,1375,10,4001,12313,14,15,15,14,0,7
287,37,290,21,3564,22977,12,8,8,7,1,7
288,49,1490,7,10466,20948,14,29,8,7,0,7
289,54,1217,2,13549,24001,12,16,4,3,0,3
290,53,1223,7,18606,18640,18,26,7,7,4,7
291,35,384,8,2572,20317,16,3,3,2,0,2
292,38,688,23,5745,18899,14,10,2,2,1,2
293,21,251,10,2625,25308,20,2,2,2,2,2
294,34,1346,19,2661,8758,11,3,2,2,1,2
295,21,984,1,2070,25326,11,2,2,2,2,2
296,42,603,7,2372,5628,16,18,1,0,0,0
297,23,310,10,3505,19630,18,2,2,2,0,2
298,58,1145,9,3346,11873,20,9,1,0,0,0
299,28,1158,9,2070,2613,23,5,5,2,0,4
300,37,589,9,4189,8800,14,5,5,2,0,3
301,39,945,22,10880,5083,13,21,21,6,2,8
302,50,316,8,3875,9983,15,4,2,2,2,2
303,26,265,29,4969,21813,18,7,2,2,2,2
304,35,682,18,5561,15975,16,6,5,3,0,4
305,47,1093,9,12936,24164,11,25,23,5,14,10
306,42,269,2,2593,8007,11,10,9,6,7,8
307,53,1282,5,19094,10735,11,26,14,13,4,8
308,37,504,10,10048,22573,11,17,1,0,0,0
309,35,622,14,3743,10074,24,5,4,2,0,2
310,39,1462,6,8237,4658,11,11,7,6,7,6
311,30,990,7,1274,7152,13,1,1,0,0,0
312,31,196,29,5468,13402,14,13,12,7,5,7
313,34,1157,5,3986,11912,14,15,15,10,4,13
314,32,801,1,10422,24032,19,14,14,10,5,7
315,31,1112,5,5476,22589,11,10,10,0,0,2
316,32,430,24,5309,21146,15,10,10,8,4,7
317,39,116,24,4108,5340,13,18,7,7,1,7
318,31,979,1,4345,4381,12,6,5,4,1,4
319,46,261,21,8926,10842,22,13,9,7,3,7
320,34,181,2,2932,5586,14,6,5,0,1,2
321,30,979,15,7140,3088,11,12,7,7,1,7
322,38,371,2,3944,4306,11,6,3,2,1,2
323,37,1373,2,2090,2396,15,7,0,0,0,0
324,34,470,2,5957,23687,13,13,11,9,5,9
325,46,991,1,3423,22957,12,10,7,6,5,7
326,48,492,16,6439,13693,14,18,8,7,7,7
327,43,422,1,5562,21782,13,12,5,2,2,2
328,38,1153,6,3702,16376,11,5,5,4,0,4
329,39,1122,6,2404,4303,21,8,2,2,2,2
330,27,294,10,8793,4809,21,9,9,7,1,7
331,40,1479,24,13194,17071,16,22,1,0,0,0
332,36,917,6,2741,6865,14,7,7,7,1,7
333,31,311,20,4197,18624,11,10,10,8,0,2
334,29,442,2,4554,20260,18,10,10,7,0,9
335,28,1476,1,6674,16392,11,10,9,8,7,5
336,30,1005,3,2657,8556,11,8,5,2,0,4
337,28,1083,29,6549,3173,14,8,8,6,1,7
338,48,1236,1,15402,17997,11,21,3,2,0,2
339,25,977,2,3977,7298,19,7,2,2,0,2
340,34,937,1,9888,6770,21,14,14,8,2,1
341,35,1395,9,5098,18698,19,10,10,7,0,8
342,31,715,2,5332,21602,13,10,5,2,0,3
343,27,472,1,4298,9679,19,6,2,2,2,0
344,30,921,1,3833,24375,21,7,2,2,0,2
345,21,546,5,3117,26009,18,3,2,2,2,2
346,46,734,2,19328,14218,17,24,2,1,2,2
347,54,1147,3,5940,17011,14,16,6,2,0,5
348,47,249,2,4537,17783,22,8,7,6,7,7
349,26,572,10,4684,9125,13,5,5,3,1,2
350,36,1105,24,5674,6927,15,11,9,8,0,8
351,35,735,6,3506,6020,14,4,3,2,2,2
352,39,1431,1,2232,15417,14,7,3,2,1,2
353,45,1015,5,5769,23447,14,10,10,7,1,4
354,38,1391,10,2684,12127,17,3,2,1,0,2
355,22,1368,4,3894,9129,16,4,2,2,1,2
356,36,1041,13,2143,25527,13,8,5,2,0,4
357,35,1146,26,8837,16642,16,9,9,0,1,7
358,43,185,10,2455,10675,19,9,8,7,1,7
359,54,685,3,17779,23474,14,36,10,9,0,9
360,24,1371,10,4260,5915,12,5,5,2,0,3
361,51,770,5,14026,17588,11,33,33,9,0,10
362,58,286,2,19246,25761,12,40,31,15,13,8
363,22,1256,3,2853,4223,11,1,0,0,0,0
364,26,1479,1,6397,26767,20,6,6,5,1,4
365,35,662,18,4614,23288,18,5,4,2,3,2
366,37,1107,14,3034,26914,12,18,18,7,12,17
367,34,135,19,4444,22534,13,15,11,8,5,10
368,41,582,28,13570,5640,23,21,20,7,0,10
369,21,1343,22,3447,24444,11,3,3,2,1,2
370,30,793,16,2862,3811,12,10,10,0,0,8
371,46,566,7,10845,24208,13,13,8,7,0,7
372,51,1469,8,12490,15736,16,16,10,9,4,7
373,54,548,8,3780,23428,11,19,1,0,0,0
374,34,285,29,5429,17491,13,10,8,7,7,7
375,53,868,8,11836,22789,14,28,2,0,2,2
376,55,189,26,19636,25811,18,35,10,9,1,4
377,27,793,2,5071,20392,20,8,6,2,0,0
378,19,504,10,1859,6148,25,1,1,1,0,0
379,50,989,7,18740,16701,12,29,27,3,13,8
380,28,783,1,6834,19255,12,7,7,7,0,7
381,35,538,25,3681,14004,14,9,3,2,0,2
382,45,1199,7,6434,5118,17,9,3,2,0,2
383,31,218,7,6929,12241,11,10,8,7,7,7
384,22,594,2,2523,19299,14,3,2,1,2,1
385,47,1225,2,15972,21086,14,29,3,2,1,2
386,31,667,1,1359,16154,12,1,1,0,0,0
387,28,1157,2,3464,24737,13,5,3,2,2,2
388,32,379,5,6524,8891,14,10,10,8,5,3
389,35,1199,18,5689,24594,14,10,10,2,0,2
390,25,675,5,4000,18384,12,6,6,3,1,5
391,38,119,3,10609,9647,12,17,16,10,5,13
392,31,1232,7,7143,25713,14,11,11,9,4,10
393,44,528,1,3195,4167,18,8,2,2,2,2
394,20,1141,2,2783,13251,19,2,2,2,2,2
395,35,1225,2,5093,4761,11,16,1,0,0,0
396,34,1069,2,9547,14074,17,10,10,9,1,9
397,40,448,16,7945,19948,15,18,4,2,3,3
398,34,131,2,4538,6039,12,4,3,2,0,2
399,35,809,16,2426,16479,13,6,5,4,0,3
400,40,107,10,6852,11591,12,7,5,1,1,3
401,44,621,15,7978,14075,11,10,10,7,0,5
402,50,804,9,2380,20165,18,8,1,0,0,0
403,55,444,2,16756,17323,15,31,9,7,6,2
404,37,342,16,6334,24558,19,9,1,0,0,0
405,34,296,6,2351,12253,16,3,2,2,1,0
406,44,935,3,2362,14669,12,10,3,2,1,2
407,37,482,3,9434,9606,15,10,10,7,7,8
408,37,1252,19,7642,4814,13,10,10,0,0,9
409,39,1329,4,5902,14590,14,17,15,11,5,9
410,44,200,29,4541,7744,25,20,20,11,13,17
411,27,1302,19,4066,16290,11,7,7,7,0,7
412,36,1266,10,5673,6060,13,10,10,9,1,7
413,25,772,2,5206,4973,17,7,7,7,0,7
414,27,1131,15,4774,23844,19,8,7,6,7,3
415,33,117,9,2781,6311,13,15,14,10,4,10
416,32,1093,6,5010,24301,16,12,11,8,5,7
417,29,1090,10,2297,17967,14,2,2,2,2,2
418,40,791,2,4244,9931,24,8,8,7,3,7
419,31,828,2,6582,8346,13,10,6,5,0,5
420,32,638,8,5175,22162,12,9,5,3,1,3
421,29,1176,3,5561,3487,14,6,6,0,1,2
422,48,365,4,15202,5602,25,23,2,2,2,2
423,38,1261,2,6553,7259,14,14,1,0,0,0
424,60,1179,16,5405,11924,14,10,2,2,2,2
425,30,600,8,2180,9732,11,6,4,2,1,2
426,31,192,2,2695,7747,18,3,2,2,2,2
427,34,1320,20,2585,21643,17,2,1,0,0,0
428,44,1037,1,2436,13422,12,6,4,3,1,2
429,46,644,1,9396,12368,16,17,4,2,0,3
430,35,750,28,3407,25348,17,10,10,9,6,8
431,32,967,8,8998,15589,14,9,9,8,3,7
432,29,718,8,5056,17689,15,10,10,7,1,2
433,42,469,2,17665,14399,17,23,22,6,13,7
434,33,1313,1,2008,20439,12,1,1,1,0,0
435,45,248,23,3633,14039,15,9,9,8,0,8
436,43,1291,15,17603,3525,24,14,14,10,6,11
437,52,322,28,13247,9731,11,24,5,3,0,2
438,28,950,3,7655,8039,17,10,9,7,1,7
439,40,1398,2,18041,13022,14,21,20,15,1,12
440,35,664,1,2194,5868,13,5,3,2,1,2
441,28,640,1,2080,4732,11,5,3,2,1,2
442,50,264,9,19331,19519,16,27,1,0,0,0
443,59,1435,25,7637,2354,11,28,21,16,7,9
444,32,976,26,4465,12069,18,4,3,2,2,2
445,46,1003,8,4615,21029,23,19,16,13,1,7
446,44,1097,10,2936,10826,11,6,6,4,0,2
447,25,1372,18,6232,12477,11,6,3,2,1,2
448,39,1498,21,6120,3567,12,8,5,4,1,4
449,28,1172,3,2856,3692,19,1,1,0,0,0
450,22,253,11,2244,24440,13,2,2,1,1,2
451,28,580,27,4877,20460,21,6,5,3,0,0
452,39,170,3,3069,10302,15,11,10,8,0,7
453,50,328,1,3690,3425,15,5,3,2,0,2
454,49,1098,4,18711,12124,13,23,1,0,0,0
455,29,1247,20,6931,10732,14,10,3,2,0,2
456,32,604,8,6209,11693,15,10,10,7,0,8
457,45,556,25,5906,23888,13,10,9,8,3,8
458,41,509,2,6811,2112,17,10,8,7,0,7
459,31,1188,20,6932,24406,13,9,9,8,0,0
460,36,1425,14,6586,4821,17,17,16,8,4,11
461,44,1117,2,2011,19982,13,10,10,5,7,7
462,39,141,3,6389,18767,15,12,8,3,3,6
463,42,555,26,13525,14864,14,23,20,4,4,8
464,40,1492,20,10322,26542,20,14,11,10,11,1
465,58,1216,15,15787,21624,14,23,2,2,2,2
466,29,350,13,2335,3157,15,4,2,2,2,0
467,50,869,3,2683,3810,14,3,3,2,0,2
468,26,192,1,3955,11141,16,6,5,3,1,3
469,26,1066,2,5472,3334,12,8,8,7,1,3
470,46,1125,10,9071,11563,19,15,3,2,1,2
471,50,1464,2,19237,12853,11,29,8,1,7,7
472,48,855,4,7898,18706,11,11,10,9,0,8
473,33,134,2,2500,10515,14,4,3,1,0,2
474,55,282,2,19187,6992,14,23,19,9,9,11
475,55,725,2,19859,21199,13,24,5,2,1,4
476,50,1099,29,17046,9314,15,28,27,10,15,7
477,43,1001,7,9985,9262,16,10,1,0,0,0
478,41,1206,23,7082,11591,16,21,2,0,0,2
479,51,1318,26,16307,5594,14,29,20,6,4,17
480,43,775,15,6804,23683,18,7,2,2,2,2
481,39,1162,3,5238,17778,18,12,1,0,0,0
482,26,921,1,2007,25265,13,5,5,3,1,3
483,28,791,1,2154,6842,11,5,4,2,0,2
484,30,231,8,7264,9977,11,10,8,4,7,7
485,32,585,10,3433,17360,13,10,5,2,1,3
486,24,381,9,3172,16998,11,4,0,0,0,0
487,45,1005,28,16704,17119,11,21,21,6,8,6
488,35,1212,8,10377,13755,11,16,13,2,4,12
489,26,426,17,2741,22808,11,8,7,7,1,0
490,32,1125,16,3919,4681,22,10,10,2,6,7
491,40,1329,7,2166,3339,14,10,4,2,0,3
492,37,1231,21,2973,21222,15,10,5,4,0,0
493,59,1089,1,11904,11038,14,14,6,4,0,4
494,32,1373,5,9679,10138,24,8,1,0,0,0
495,30,464,4,2285,3427,23,3,1,0,0,0
496,33,430,7,4373,17456,14,5,4,3,0,3
497,42,810,23,15992,15901,14,16,1,0,0,0
498,34,1362,19,5304,4652,13,9,5,2,0,4
499,33,813,14,2436,22149,13,8,5,4,0,4
500,26,703,28,6272,7428,20,6,5,3,1,4
501,30,634,17,11916,25927,23,9,9,1,0,8
502,29,1496,1,4319,26283,13,10,10,7,0,9
503,31,525,6,5460,6219,22,13,7,7,5,7
504,41,933,9,2238,6961,21,7,5,0,1,4
505,29,136,1,5373,6225,12,6,5,3,0,2
506,44,381,24,3708,2104,14,9,5,2,1,4
507,35,200,18,9362,19944,11,10,2,2,2,2
508,36,164,2,7596,3809,13,10,10,9,9,0
509,23,638,9,1790,26956,19,1,1,0,1,0
510,47,955,4,4163,8571,17,9,9,0,0,7
511,23,977,10,2073,12826,16,4,2,2,2,2
512,31,1445,1,7446,8931,11,10,10,8,4,7
513,60,422,7,19566,3854,11,33,29,8,11,10
514,31,480,7,4306,4156,12,13,13,10,3,12
515,33,750,22,6146,15480,13,8,7,7,0,7
516,35,1490,11,2660,20232,11,5,2,2,2,2
517,44,602,1,5743,10503,11,14,10,7,0,2
518,39,119,15,13341,25098,12,21,20,8,11,10
519,53,102,23,14275,20206,18,33,12,9,3,8
520,46,1144,7,5258,16044,14,7,1,0,0,0
521,26,683,2,3904,4050,12,5,4,3,1,1
522,32,128,2,2176,19737,13,9,6,2,0,4
523,50,881,2,17924,4544,11,31,31,6,14,7
524,29,459,24,2439,14753,24,1,1,0,1,0
525,37,1470,10,3936,9953,11,8,8,4,7,7
526,44,921,2,7879,14810,19,9,8,7,6,7
527,34,967,16,2307,14460,23,5,5,2,3,0
528,34,507,15,6125,23553,12,10,10,8,9,6
529,36,335,17,5507,16822,16,12,4,2,1,3
530,38,833,18,5811,24539,16,15,1,0,1,0
531,43,807,17,2437,15587,16,6,1,0,0,0
532,36,1403,6,3210,20251,11,16,15,13,10,11
533,55,111,1,10239,18092,14,24,1,0,1,0
534,50,878,1,6728,14255,12,12,6,3,0,1
535,28,736,26,4724,24232,11,5,5,3,0,4
536,30,570,5,6118,5431,13,10,10,9,1,2
537,37,309,10,6694,24223,14,8,1,0,0,0
538,31,523,2,3722,21081,13,7,2,2,2,2
539,20,1362,10,1009,26999,11,1,1,0,1,1
540,28,467,7,4898,11827,14,5,4,2,1,3
541,29,1370,3,4723,16213,18,10,10,9,1,5
542,19,1181,3,1483,16102,14,1,1,0,0,0
543,35,1402,28,2430,26204,23,6,5,3,4,2
544,22,1256,19,2323,11992,24,2,2,2,2,2
545,27,1337,22,2863,19555,12,1,1,0,0,0
546,43,823,6,19392,22539,13,21,16,12,6,14
547,24,1448,1,3202,21972,16,6,5,3,1,4
548,35,1219,18,4601,6179,16,5,5,2,1,0
549,44,1376,1,10482,2326,14,24,20,6,3,6
550,39,1387,10,5377,3835,13,10,7,7,7,7
551,34,790,24,4599,7815,23,16,15,9,10,10
552,29,986,3,11935,21526,18,10,10,2,0,7
553,22,534,15,2871,23785,15,1,0,0,0,0
554,47,703,14,4960,11825,12,20,7,7,1,7
555,39,105,9,19431,15302,13,21,6,0,1,3
556,41,1283,5,2127,5561,12,7,4,2,0,3
557,51,684,6,19537,6462,13,23,20,18,15,15
558,40,1194,1,6513,9060,17,12,5,3,0,3
559,29,490,10,3291,17940,14,8,7,5,1,1
560,41,1085,2,2778,17725,13,10,7,7,1,0
561,34,204,14,2579,2912,18,8,8,2,0,6
562,28,890,2,4382,16374,17,5,2,2,2,1
563,30,202,2,2476,17434,18,1,1,0,0,0
564,39,1253,10,13464,7914,21,9,4,3,2,2
565,40,1194,2,2001,12549,14,20,5,3,0,2
566,35,144,22,4230,19225,15,6,5,4,4,3
567,34,304,2,6274,18686,22,6,6,5,1,4
568,27,829,8,4342,24008,19,5,4,2,1,1
569,28,1169,8,4936,23965,13,6,5,1,0,4
570,47,1001,4,10333,19271,12,28,22,11,14,10
571,37,228,6,6502,22825,14,7,5,4,0,1
572,40,444,2,5677,4258,14,15,11,8,5,10
573,39,903,2,7880,2560,18,9,8,7,0,7
574,38,1404,1,2858,11473,14,20,1,0,0,0
575,36,216,6,4941,2819,20,7,3,2,0,1
576,29,1107,28,2514,26968,22,11,7,5,1,7
577,34,1397,1,2691,7660,12,10,10,9,8,8
578,42,1332,2,6781,17078,23,14,1,0,0,0
579,36,1223,8,10096,8202,13,17,17,14,12,8
580,36,852,5,3419,13072,14,6,1,1,0,0
581,28,995,9,2377,9834,18,6,2,2,2,2
582,38,330,17,8823,24608,18,20,19,9,1,9
583,34,234,9,5346,6208,17,11,7,1,0,7
584,29,144,10,8268,11866,14,7,7,7,1,7
585,32,1401,4,3931,20990,11,6,4,3,1,2
586,39,1251,21,5736,3987,19,10,3,2,1,2
587,54,966,1,10502,9659,17,33,5,4,1,4
588,31,1154,2,3067,6393,19,3,2,2,1,2
589,26,583,4,2875,9973,20,8,8,5,2,2
590,34,697,3,2979,22478,17,6,0,0,0,0
591,24,673,11,4011,8232,18,5,4,2,1,3
592,28,1451,2,3201,19911,17,6,5,3,0,4
593,34,878,10,3815,5972,17,5,5,3,2,0
594,35,1343,27,2559,17852,11,6,6,5,1,1
595,36,329,2,2543,11868,13,6,2,2,2,2
596,33,1111,5,9998,19293,13,8,5,4,1,2
597,42,532,4,19232,4933,11,22,22,17,11,15
598,29,726,29,6384,21143,17,11,7,0,1,6
599,27,1130,8,6214,3415,18,8,8,7,0,7
600,42,933,29,4434,11806,13,10,9,8,7,8
601,38,201,10,13206,3376,12,20,18,16,1,11
602,32,953,5,2718,17674,14,12,7,7,0,7
603,29,461,1,6294,23060,12,10,3,2,0,2
604,38,1084,29,6261,4185,18,9,7,7,1,7
605,33,603,9,8224,18385,17,6,5,2,0,3
606,27,1291,11,2534,6527,14,5,1,0,0,0
607,25,383,9,4400,15182,12,6,3,2,2,2
608,43,930,6,4081,20003,14,20,20,7,1,8
609,50,1207,28,3221,3297,11,20,20,8,3,8
610,33,461,13,3452,17241,18,5,3,2,0,2
611,45,1268,4,5006,6319,11,9,5,4,0,3
612,47,1162,1,11957,17231,18,14,13,8,5,12
613,23,571,12,2647,13672,13,5,5,2,1,4
614,40,884,15,10435,25800,13,18,18,15,14,12
615,20,727,9,2728,21082,11,2,2,2,0,2
616,45,1052,6,8865,16840,12,23,19,7,12,8
617,30,852,10,6578,2706,18,10,10,3,1,4
618,52,1323,2,3212,3300,15,6,2,2,2,2
619,29,1283,23,2201,18168,16,6,3,2,1,2
620,40,692,11,6323,26849,11,10,10,9,9,4
621,24,567,2,3760,17218,13,6,6,3,1,3
622,56,1400,7,7260,21698,11,37,6,4,0,2
623,50,691,2,17639,6881,16,30,4,3,0,3
624,34,1480,4,9713,24444,13,9,5,3,1,0
625,42,933,19,2759,20366,12,7,2,2,2,2
626,28,866,5,8463,23490,18,6,5,4,1,3
627,37,1462,11,3629,19106,18,8,3,2,0,2
628,34,678,19,2929,20338,12,10,10,9,8,7
629,53,661,7,10934,20715,18,35,5,2,0,4
630,47,465,1,3420,10205,12,17,6,5,1,2
631,21,1427,18,2693,8870,19,1,1,0,0,0
632,31,853,1,4148,11275,12,4,4,3,0,3
633,53,607,2,10169,14618,16,34,33,7,1,9
634,36,318,9,3388,21777,17,2,1,0,0,0
635,42,462,14,6244,7824,17,10,5,4,0,3
636,29,410,2,3180,4668,13,4,3,2,0,2
637,34,1381,4,6538,12740,15,6,3,2,1,2
638,32,1109,29,4025,11135,12,10,8,7,7,7
639,48,715,1,18265,8733,12,25,1,0,0,0
640,49,1245,18,19502,2125,17,31,31,9,0,9
641,33,924,2,2496,6670,11,7,1,1,0,0
642,43,990,27,4876,5855,12,8,6,4,0,2
643,36,1480,3,2088,15062,12,13,8,7,7,2
644,40,905,19,2741,16523,15,15,7,2,3,7
645,34,629,27,2311,5711,15,9,3,2,1,2
646,41,549,7,5003,23371,14,8,2,2,2,1
647,41,857,10,17181,12888,13,21,7,6,7,7
648,32,300,1,2314,9148,12,4,3,0,0,2
649,41,1411,19,3072,19877,16,17,1,0,0,0
650,27,1220,5,2478,20938,12,4,4,3,1,2
651,52,715,19,4258,26589,18,5,4,3,1,2
652,38,849,25,12061,26707,17,19,10,8,0,1
653,30,111,9,3072,11012,11,12,12,9,6,10
654,34,702,16,2553,8306,16,6,5,2,1,3
655,31,202,8,1261,22262,12,1,1,0,0,0
656,28,1366,24,8722,12355,12,10,10,7,1,9
657,38,168,1,7861,15397,14,10,1,0,0,0
658,30,1240,9,6347,13982,19,12,11,9,4,7
659,41,1356,20,3140,21728,22,4,4,3,0,2
660,40,1137,1,16823,18991,11,22,19,7,11,16
661,44,1459,10,6465,19121,13,9,4,2,1,3
662,56,718,4,19943,18575,13,28,5,2,4,2
663,30,853,7,3491,11309,13,10,10,7,8,9
664,32,862,2,2827,14947,12,1,1,0,0,0
665,37,1040,2,5163,15850,14,17,1,0,0,0
666,29,441,8,9715,7288,13,9,7,7,0,7
667,29,1086,7,2532,6054,14,8,4,3,0,3
668,25,882,19,3669,9075,11,7,3,2,1,2
669,36,1278,8,2342,8635,21,6,5,4,0,3
670,46,526,1,10453,2137,25,24,24,13,15,7
671,22,617,3,4171,10022,19,4,3,2,0,2
672,43,177,8,4765,23814,21,4,1,0,0,0
673,36,1174,3,9278,20763,16,15,5,4,0,1
674,38,395,9,2899,12102,19,3,2,2,1,2
675,36,1299,27,5237,16577,13,17,7,7,7,7
676,48,1221,7,5486,24795,11,15,2,2,2,2
677,30,1092,10,9667,2739,14,9,7,7,0,2
678,38,1035,3,6861,4981,12,19,1,0,0,0
679,34,419,7,11994,21293,11,13,12,6,2,11
680,31,874,15,2610,6233,12,2,2,2,2,2
681,31,1222,11,2356,14871,19,8,6,4,0,2
682,52,266,2,19845,25846,15,33,32,14,6,9
683,33,465,2,2707,21509,20,13,9,7,1,7
684,39,835,19,3902,5141,14,7,2,2,2,2
685,30,330,1,2064,15428,21,6,5,3,1,3
686,41,906,5,2107,20293,17,5,1,0,0,0
687,29,341,1,2800,23522,19,5,3,2,0,2
688,31,444,5,2789,3909,11,2,2,2,2,2
689,19,265,25,2994,21221,12,1,1,0,0,1
690,29,1252,23,2700,23779,24,10,10,7,0,7
691,32,120,6,3038,12430,20,8,5,4,1,4
692,41,802,9,8189,21196,13,12,9,7,0,7
693,33,1141,1,5376,3193,19,10,5,3,1,3
694,24,1353,3,4999,17519,21,4,3,2,0,2
695,40,1094,28,10932,11373,15,20,1,0,0,1
696,18,247,8,1904,13556,12,0,0,0,0,0
697,31,741,2,3477,18103,14,6,5,2,0,3
698,39,360,23,3904,22154,13,6,5,2,0,3
699,33,211,16,8564,10092,20,11,0,0,0,0
700,35,992,1,2450,21731,19,3,3,0,1,2
701,46,1402,2,17048,24097,23,28,26,15,15,9
702,52,258,8,2950,17363,13,12,5,4,0,4
703,36,1467,11,9738,22952,14,10,9,7,2,8
704,42,355,10,2936,6161,22,10,6,3,3,3
705,44,1112,1,5985,26894,11,10,2,2,0,2
706,19,489,2,2564,18437,12,1,1,0,0,0
707,45,1249,7,5210,20308,18,24,24,9,9,11
708,39,466,1,12742,7060,16,21,21,6,11,8
709,59,818,6,2267,25657,17,7,2,2,2,2
710,29,468,28,3785,8489,14,5,5,4,0,4
711,35,982,1,2258,16340,12,10,8,0,1,7
712,24,771,1,4617,14120,12,4,4,3,1,2
713,53,1436,6,2306,16047,20,13,7,7,4,5
714,32,1200,1,4087,25174,14,9,6,5,1,2
715,42,544,2,2696,24017,11,4,3,2,1,0
716,51,1169,7,6132,13983,17,10,1,0,0,0
717,50,145,1,6347,24920,12,19,18,7,0,13
718,39,722,24,12031,8828,11,21,20,9,9,6
719,27,798,6,2187,5013,12,6,5,3,0,3
720,29,1378,13,4025,23679,13,10,4,3,0,3
721,53,346,6,2450,10919,17,19,2,2,2,2
722,51,541,2,10596,15395,11,14,4,2,3,2
723,36,557,3,7644,12695,19,10,9,7,3,4
724,28,329,24,2408,7324,17,1,1,1,0,0
725,31,1060,1,2302,8319,11,3,3,2,2,2
726,32,1018,2,5055,10557,16,10,7,7,0,7
727,46,1450,15,19081,10849,11,25,4,2,0,3
728,29,805,1,2319,6689,11,1,1,0,0,0
729,18,1124,1,1611,19305,15,0,0,0,0,0
730,29,232,19,4262,22645,12,8,3,2,1,2
731,28,1475,13,9854,23352,11,6,2,0,2,2
732,34,426,10,4724,17000,13,9,9,7,7,2
733,35,819,18,5208,26312,11,16,16,15,1,10
734,39,1132,1,9613,10942,17,19,18,10,3,7
735,28,1144,10,1052,23384,22,1,1,0,0,0
736,37,674,13,4285,3031,17,10,10,8,3,7
737,40,1416,2,19436,5949,19,22,21,7,3,9
738,39,1218,1,19197,8213,14,21,21,8,1,6
739,22,1230,1,4775,19146,22,4,2,2,2,2
740,27,486,8,3517,22490,17,5,3,2,0,2
741,31,359,18,2956,21495,17,2,1,0,0,0
742,31,1079,10,6583,20115,11,8,5,2,1,4
743,46,1254,10,7314,14011,21,14,8,7,0,7
744,27,591,2,3468,16632,12,6,2,2,2,2
745,46,669,9,9619,13596,16,9,9,8,4,7
746,31,1276,2,1129,17536,11,1,1,0,0,0
747,35,619,1,4717,18659,11,15,11,9,6,9
748,24,1287,7,2886,14168,16,6,6,3,1,2
749,33,827,1,5488,20161,13,6,6,5,1,2
750,55,1091,2,10976,15813,18,23,3,2,1,2
751,21,756,1,2174,9150,11,3,3,2,1,2
752,39,408,2,4553,20978,11,20,20,7,11,10
753,38,594,2,2468,15963,14,9,6,1,0,5
754,53,970,7,14814,13514,19,32,5,1,1,3
755,36,1434,8,7587,14229,15,10,10,7,0,9
756,52,1490,4,16555,10310,13,31,5,2,1,4
757,35,670,10,6142,4223,16,10,5,2,0,4
758,35,1017,6,6646,19368,13,17,17,11,11,8
759,27,1377,11,2099,7679,14,6,5,0,1,4
760,36,541,3,9699,7246,11,16,13,9,1,12
761,23,541,2,2322,9518,13,3,0,0,0,0
762,45,252,2,2274,6153,14,1,1,0,0,0
763,37,1192,5,6347,23177,16,8,6,2,0,4
764,34,735,22,5747,26496,15,16,15,10,6,11
765,28,1434,5,3441,11179,13,2,2,2,2,2
766,46,377,9,10096,15986,11,28,7,7,4,3
767,35,776,1,4312,23016,14,16,15,13,2,8
768,29,906,10,2404,11479,20,3,0,0,0,0
769,55,836,8,14756,19730,14,21,5,0,0,2
770,46,1211,5,5772,20445,21,14,9,6,0,8
771,58,289,2,2479,26227,24,7,1,0,0,0
772,27,1167,4,2517,3208,11,5,5,3,0,3
773,37,370,10,4213,4992,15,10,10,3,0,8
774,41,465,14,2451,4609,12,13,9,8,1,8
775,40,302,6,13237,20364,15,22,20,6,5,13
776,40,118,14,4639,11262,15,5,5,4,1,2
777,39,792,1,6472,8989,15,9,9,8,5,8
778,31,1398,8,2109,24609,18,8,3,2,0,2
779,43,1273,2,2645,21923,12,6,5,3,1,4
780,34,970,8,6142,7360,11,10,5,1,4,3
781,30,1275,28,5775,11934,13,11,10,8,1,9
782,34,121,2,4381,7530,11,6,6,5,1,3
783,45,306,26,4286,5630,14,5,1,1,0,0
784,35,482,4,4249,2690,11,9,9,6,1,1
785,26,1349,23,2886,3032,22,3,3,2,0,2
786,41,427,10,19141,8861,15,23,21,6,12,6
787,32,906,7,5484,16985,14,13,13,8,4,8
788,30,1288,29,9250,17799,12,9,4,2,1,3
789,28,1496,1,2909,15747,15,5,3,2,1,2
790,42,1474,5,2093,9260,17,8,2,2,2,0
791,45,1449,2,18824,2493,16,26,24,10,1,11
792,27,1115,3,2045,15174,13,5,4,2,1,1
793,31,1079,16,8161,19002,13,10,1,0,0,0
794,52,319,3,7969,19609,14,28,5,4,0,4
795,35,763,15,5440,22098,14,7,2,2,2,2
796,55,692,14,18722,13339,11,36,24,15,2,15
797,38,322,7,5605,19191,24,8,8,0,7,7
798,35,755,9,6540,19394,19,10,1,1,0,0
799,36,1218,9,3407,6986,23,10,5,3,0,3
800,45,974,1,2270,11005,14,8,5,3,0,2
801,32,427,1,6162,10877,22,9,9,8,7,8
802,34,254,1,3622,22794,13,6,6,5,1,3
803,34,1111,8,6500,13305,17,6,3,2,1,2
804,31,330,22,6179,21057,15,10,10,2,6,7
805,45,1385,20,13496,7501,14,21,20,7,4,10
806,26,1449,16,2373,14180,13,5,3,2,0,2
807,38,1327,2,5249,19682,18,13,8,7,7,5
808,38,243,7,4028,7791,20,8,7,7,0,5
809,35,1137,21,4014,19170,25,10,10,6,0,7
810,40,555,2,3448,13436,22,20,1,0,0,0
811,56,310,7,2339,3666,11,14,10,9,9,8
812,43,531,4,10231,20364,14,23,21,7,15,17
813,28,1423,1,1563,12530,14,1,1,0,0,0
814,43,1372,9,5346,9489,13,7,4,3,1,3
815,34,628,8,4404,10228,12,6,4,3,1,2
816,28,1300,17,4558,13535,12,10,10,0,1,8
817,43,1344,7,2089,5228,14,7,5,4,2,2
818,41,143,4,9355,9558,18,8,8,7,7,7
819,41,447,5,6870,15530,12,11,3,2,1,2
820,22,1294,8,2398,15999,17,1,1,0,0,0
821,33,922,1,16184,22578,19,10,6,1,0,5
822,20,871,6,2926,19783,18,1,1,0,1,0
823,50,1126,1,17399,6615,22,32,5,4,1,3
824,49,1261,7,10965,12066,24,26,5,2,0,0
825,29,592,7,2062,19384,14,11,3,2,1,2
826,41,1102,1,5993,19479,11,8,6,4,0,5
827,40,1184,2,4327,25440,12,5,0,0,0,0
828,36,845,1,6653,15276,15,7,1,0,0,0
829,27,1410,3,4647,16673,20,6,6,5,0,4
830,38,1495,4,3306,26176,19,7,0,0,0,0
831,30,438,18,2632,23910,14,5,5,4,0,4
832,34,258,21,5337,19921,12,10,10,7,5,7
833,48,817,2,8120,18597,12,12,2,2,2,2
834,45,192,10,2654,9655,21,8,2,2,0,2
835,32,495,10,11244,21072,25,10,5,2,0,0
836,55,147,20,5415,15972,19,12,10,7,0,8
837,19,645,9,2552,7172,25,1,1,1,0,0
838,45,930,9,10761,19239,12,18,5,4,0,2
839,55,177,8,13577,25592,15,34,33,9,15,0
840,53,1168,24,10448,5843,13,15,2,2,2,2
841,25,949,1,3229,4910,11,7,3,2,0,2
842,49,465,6,13966,11652,19,30,15,11,2,12
843,43,574,11,7510,16873,17,10,10,9,0,9
844,47,666,29,11849,10268,12,10,10,7,9,9
845,33,147,4,2622,13248,21,7,3,2,1,1
846,29,598,9,2451,22376,18,5,1,0,0,0
847,32,1316,2,4998,2338,14,10,8,7,0,7
848,33,147,2,3600,8429,13,5,5,4,1,4
849,27,1420,2,3041,16346,11,5,4,3,0,2
850,43,1473,8,4522,2227,14,8,5,2,0,2
851,33,867,8,3143,6076,19,14,10,8,7,6
852,29,1092,1,4787,26124,14,4,2,2,2,2
853,26,1330,21,2377,19373,20,1,1,1,0,0
854,27,1103,14,2235,14377,14,9,9,7,6,8
855,26,1167,5,2966,21378,18,5,4,2,0,0
856,52,723,8,4941,17747,15,11,8,2,7,7
857,48,163,2,4051,19658,14,14,9,7,6,7
858,26,920,20,2148,6889,11,6,5,1,1,4
859,45,194,9,2348,10901,18,20,17,9,0,15
860,31,798,7,8943,14034,24,10,10,9,8,9
861,47,1176,26,19658,5220,11,27,5,2,1,0
862,27,210,1,6349,22107,13,6,5,4,1,4
863,28,440,21,2713,6672,11,5,5,2,0,2
864,57,593,1,6755,2967,11,15,3,2,1,2
865,28,120,4,4221,8863,15,5,5,4,0,4
866,23,885,4,2819,8544,16,5,3,2,0,2
867,38,702,1,8686,12930,22,12,8,3,0,7
868,32,634,5,3312,18783,17,6,3,2,0,2
869,44,170,1,5033,9364,15,10,2,0,2,2
870,58,781,2,2380,13384,14,3,1,0,0,0
871,33,527,1,2686,5207,13,10,10,9,7,8
872,29,896,18,2389,14961,13,4,4,3,0,1
873,46,706,2,8578,19989,14,12,9,8,4,7
874,45,374,20,4850,23333,15,8,5,3,0,1
875,48,969,2,2559,16620,11,7,1,0,0,0
876,35,880,12,4581,10414,24,13,11,9,6,7
877,38,1186,3,2821,2997,16,8,2,2,2,2
878,37,446,1,6447,15701,12,8,6,5,4,3
879,48,1224,10,19665,13583,12,29,22,10,12,9
880,35,1296,5,8095,18264,13,17,16,6,0,13
881,47,1379,16,5067,6759,19,20,19,10,2,7
882,30,641,25,4736,6069,12,4,2,2,2,2
883,30,1138,6,4627,23631,12,10,9,2,6,7
884,38,827,1,7625,19383,13,10,9,7,1,8
885,32,371,19,9610,3840,13,10,4,3,0,2
886,31,326,8,10793,8386,18,13,13,7,9,9
887,40,543,1,2406,4060,19,8,1,0,0,0
888,34,971,1,7083,12288,14,10,10,9,8,6
889,43,920,3,19740,18625,14,25,8,7,0,7
890,29,1404,20,2157,18203,15,3,3,1,0,2
891,51,942,3,13116,22984,11,15,2,2,2,2
892,20,1097,11,2600,18275,15,1,1,0,0,0
893,32,515,1,3730,9571,14,4,3,2,1,2
894,58,605,21,17875,11761,13,29,1,0,0,0
895,27,1354,2,2226,6073,11,6,5,3,1,2
896,29,1082,9,2974,25412,17,9,5,3,1,2
897,34,1107,9,2742,3072,15,2,2,2,2,2
898,34,1333,10,2220,18410,19,1,1,1,0,0
899,27,269,5,12808,8842,16,9,9,8,0,8
900,49,1064,2,19161,13738,15,28,5,4,4,3
901,37,1115,1,5993,2689,18,7,7,5,0,7
902,29,1413,1,7918,6599,14,11,11,10,4,1
903,39,412,13,17123,17334,13,21,19,9,15,2
904,35,1315,22,11996,19100,18,10,7,7,6,2
905,54,157,10,4440,25198,19,9,5,2,1,4
906,28,895,15,2207,22482,16,4,4,2,2,2
907,45,336,26,4385,24162,15,10,10,7,4,5
908,41,645,1,8392,19566,16,10,10,7,0,7
909,32,1062,2,2370,3956,13,8,8,0,0,7
910,59,1225,1,5473,24668,11,20,4,3,1,3
911,35,130,25,2022,16612,19,10,10,2,7,8
912,50,1234,20,11245,20689,15,32,30,8,12,13
913,52,1325,11,3149,21821,20,9,5,2,1,4
914,40,902,26,4422,21203,13,16,1,1,0,0
915,27,591,2,2580,6297,13,6,4,2,1,2
916,32,1474,11,4707,23914,12,6,4,2,1,2
917,37,1413,5,3500,25470,14,7,6,5,1,3
918,34,404,2,6687,6163,11,14,14,11,4,11
919,24,830,13,2033,7103,13,1,1,0,0,0
920,54,1441,17,10739,13943,11,22,10,7,0,8
921,53,124,2,7525,23537,12,30,15,7,6,12
922,32,374,25,2795,18016,24,1,1,0,0,1
923,25,1382,8,4907,13684,22,6,5,3,0,4
924,31,329,1,2218,16193,12,4,4,2,3,2
925,40,1322,2,2809,2725,14,8,2,2,2,2
926,52,1053,1,17099,13829,15,26,9,8,7,8
927,31,793,20,2791,21981,12,3,2,2,2,2
928,42,495,2,17861,26582,13,21,20,8,2,10
929,29,746,24,1091,10642,17,1,1,0,0,0
930,33,1392,3,2909,23159,11,8,8,7,3,0
931,40,896,2,2345,8045,14,8,3,1,1,2
932,24,581,9,4401,17616,16,5,5,3,0,4
933,45,1050,9,5593,17970,13,15,15,10,4,12
934,31,691,7,7547,7143,12,13,7,7,1,7
935,28,304,9,5253,20750,16,7,7,5,0,7
936,33,1076,3,3348,3164,11,10,10,8,9,7
937,42,1271,2,2515,9068,14,8,2,1,2,2
938,58,848,23,2372,26076,12,2,2,2,2,2
939,32,1005,2,3068,11864,13,8,7,7,3,6
940,55,685,26,19586,23037,21,36,36,6,2,13
941,60,370,1,10883,20467,20,19,1,0,0,0
942,37,1278,1,9525,7677,14,6,6,3,1,3
943,53,238,1,8381,7507,20,18,14,7,8,10
944,33,501,15,4878,21653,13,10,9,7,8,1
945,32,1089,7,4883,22845,18,10,10,4,1,1
946,33,515,1,13458,15146,12,15,15,14,8,12
947,43,982,12,14336,4345,11,25,25,10,3,9
948,28,1217,1,3591,12719,25,3,3,2,1,2
949,59,1429,18,10512,20002,12,25,9,7,5,4
950,35,672,25,10903,9129,16,16,13,10,4,8
951,33,1069,1,6949,12291,14,6,5,0,1,4
952,27,608,1,7412,6009,11,9,9,7,0,7
953,51,1405,11,13142,24439,16,29,5,2,0,3
954,28,857,10,3660,7909,13,10,8,7,1,7
955,49,1475,28,4284,22710,20,20,4,3,1,3
956,37,977,1,6474,9961,13,14,14,8,3,11
957,26,157,1,2867,20006,13,8,7,7,7,6
958,42,1147,10,16799,16616,14,21,20,7,0,9
959,37,783,7,4284,13588,22,16,5,3,0,4
960,38,471,12,6288,4284,15,13,4,3,1,2
961,41,247,7,19973,20284,22,21,21,16,5,10
962,36,796,12,8858,15669,11,15,14,8,7,8
963,41,509,7,3376,18863,13,10,10,6,0,8
964,40,299,25,9094,17235,12,9,5,4,1,0
965,32,1311,7,2794,26062,20,5,5,1,0,3
966,50,809,12,9208,6645,11,16,2,2,2,1
967,36,188,7,4678,23293,18,8,6,2,0,1
968,29,408,25,2546,18300,16,6,2,2,1,1
969,38,433,1,2844,6004,13,7,7,6,5,0
970,41,552,4,6430,20794,19,10,3,2,1,2
971,47,571,14,4591,24200,17,11,5,4,1,2
972,40,1308,14,19626,17544,14,21,20,7,4,9
973,41,796,4,10447,26458,13,23,22,14,13,5
974,48,1469,20,2259,5543,17,13,0,0,0,0
975,29,1401,6,3131,26342,13,10,10,8,0,8
976,54,397,19,10725,6729,15,16,9,7,7,1
977,33,587,10,3408,6705,13,8,4,3,1,3
978,31,976,3,3065,3995,13,4,4,2,2,3
979,32,1259,2,1393,24852,12,1,1,0,0,0
980,29,995,2,8853,24483,19,6,6,4,1,3
981,39,439,9,6782,8770,15,9,5,4,0,3
982,47,359,2,17169,26703,19,26,20,17,5,6
983,49,301,22,16413,3498,16,27,4,2,1,2
984,42,532,29,4556,12932,11,19,5,4,0,2
985,30,138,22,2132,11539,11,7,5,2,0,1
986,49,722,25,3211,22102,14,10,9,6,1,4
987,30,1427,2,2720,11162,13,6,5,3,1,2
988,36,1351,9,2810,9238,22,5,5,4,0,2
989,39,492,12,5295,7693,21,7,5,4,1,0
990,32,334,5,3298,15053,12,7,6,2,0,5
991,27,894,9,2279,11781,16,7,7,7,0,3
992,35,1182,11,4968,18500,11,5,5,2,0,2
993,36,329,16,5647,13494,13,11,3,2,0,2
994,45,805,4,4447,23163,12,9,9,7,0,8
995,45,1297,1,5399,14511,12,12,4,2,0,3
996,47,1169,14,5467,2125,18,16,8,7,1,7
997,35,138,2,4425,15986,11,10,6,2,1,2
998,42,622,2,4089,5718,13,10,10,2,2,2
999,35,556,23,5916,15497,13,8,1,0,0,1
1000,45,954,2,6632,12388,13,9,8,7,3,1
1001,31,746,8,4424,20682,23,11,11,7,1,8
1002,36,1302,6,5562,19711,13,9,3,2,0,2
1003,31,1365,13,4233,11512,17,9,3,1,1,2
1004,32,859,4,6162,19124,12,14,14,13,6,8
1005,33,1216,8,7104,20431,12,6,5,0,1,2
1006,29,590,4,2109,10007,13,1,1,0,0,0
1007,32,964,1,6735,12147,15,10,0,0,0,0
1008,42,188,29,4272,9558,19,16,1,0,0,0
1009,35,1097,11,9884,8302,13,10,4,0,2,3
1010,37,558,2,9602,3010,11,17,3,0,1,0
1011,42,265,5,18303,7770,13,21,1,0,0,0
1012,32,238,5,2432,15318,14,8,4,1,0,3
1013,45,1329,2,5770,5388,19,10,10,7,3,9
1014,47,207,9,2105,5411,12,7,2,2,2,0
1015,41,918,6,9241,15869,12,10,10,8,8,7
1016,26,1096,6,2544,7102,18,8,7,7,7,7
1017,32,117,13,4403,9250,11,8,5,2,0,3
1018,51,1456,1,7484,25796,20,23,13,12,12,8
1019,35,219,16,4788,25388,11,4,3,2,0,2
1020,33,536,10,8380,21708,14,10,9,8,0,8
1021,33,775,4,3055,6194,15,11,9,8,1,7
1022,35,802,10,3917,9541,20,3,3,2,1,2
1023,36,928,1,6201,2823,14,18,18,14,4,11
1024,36,530,3,10325,5518,11,16,16,7,3,7
1025,43,559,10,5257,6227,11,9,9,7,0,0
1026,53,1070,3,17584,21016,16,21,5,3,1,3
1027,37,1239,8,4071,12832,13,19,10,0,4,7
1028,28,1485,12,2515,22955,11,1,1,1,0,0
1029,41,1200,22,5467,13953,14,12,6,2,3,3
1030,26,1384,3,4420,13421,22,8,8,7,0,7
1031,50,939,24,13973,4161,18,22,12,11,1,5
1032,35,853,18,9069,11031,22,9,9,8,1,8
1033,55,836,2,2662,7975,20,19,5,2,0,4
1034,42,557,18,5410,11189,17,9,4,3,1,2
1035,35,185,23,2705,9696,16,6,5,4,0,3
1036,28,193,2,3867,14222,12,2,2,2,2,2
1037,30,1358,24,2693,13335,22,1,1,0,0,0
1038,46,1277,2,10368,5596,12,13,10,6,0,3
1039,36,884,23,2571,12290,17,17,5,2,0,3
1040,35,208,8,4148,12250,12,15,14,11,2,9
1041,38,903,2,4855,7653,11,7,5,2,1,4
1042,33,589,28,5207,22949,12,15,15,14,5,7
1043,35,950,7,10221,18869,21,17,8,5,1,6
1044,29,408,23,7336,11162,13,11,11,8,3,10
1045,27,1134,16,2811,12086,14,4,2,2,2,2
1046,48,1108,15,2367,16530,12,10,8,2,7,6
1047,50,1452,11,19926,17053,15,21,5,4,4,4
1048,56,667,1,6306,26236,21,13,13,12,1,9
1049,38,1336,2,2592,7129,13,13,11,10,3,8
1050,59,1420,2,18844,21922,21,30,3,2,2,2
1051,34,943,9,8500,5494,11,10,9,7,1,6
1052,40,750,12,4448,10748,12,15,7,4,7,7
1053,27,511,2,6500,26997,14,9,8,7,0,7
1054,36,1040,3,6842,26308,20,13,5,4,0,4
1055,27,618,4,2318,17808,19,1,1,1,0,0
1056,43,589,14,17159,5200,24,22,4,1,1,0
1057,31,703,2,2785,11882,14,3,1,0,0,0
1058,29,1210,2,6644,3687,19,10,0,0,0,0
1059,56,1443,11,5380,20328,16,6,0,0,0,0
1060,44,489,23,2042,25043,12,17,3,2,1,2
1061,31,1125,7,9637,8277,14,9,3,2,2,2
1062,59,715,2,13726,21829,13,30,5,3,4,3
1063,34,401,1,3294,3708,17,7,5,4,0,2
1064,46,168,4,18789,9946,14,26,11,4,0,8
1065,54,928,20,4869,16885,12,20,4,3,0,3
1066,22,581,1,3375,17624,12,4,3,2,1,2
1067,28,1404,17,2367,18779,12,6,4,1,0,3
1068,49,464,16,2587,24941,16,17,2,2,2,2
1069,22,604,6,2773,12145,20,3,2,2,2,2
1070,30,911,1,3748,4077,13,12,12,8,1,7
1071,45,950,28,2132,4585,20,8,5,4,0,3
1072,54,155,9,2897,22474,11,9,4,3,2,3
1073,35,1232,16,8020,5100,15,12,11,9,6,9
1074,55,1117,18,16835,9873,23,37,10,9,7,7
1075,35,1029,16,8606,21195,19,11,11,8,3,3
1076,29,337,14,7553,22930,12,9,8,7,7,7
1077,58,390,1,5660,17056,13,12,5,3,1,2
1078,45,561,2,4805,16177,19,9,8,7,3,7
1079,27,155,4,6142,5174,20,6,6,2,0,3
1080,29,657,27,4335,25549,12,11,8,7,1,1
1081,35,882,3,7823,6812,13,12,10,9,0,8
1082,36,1456,13,6134,8658,13,16,2,2,2,2
1083,40,1342,9,5473,19345,12,9,8,4,7,1
1084,34,1400,9,5714,5829,20,6,6,5,1,3
1085,49,809,1,15379,22384,14,23,8,7,0,0
1086,42,335,23,4332,14811,12,20,20,9,3,7
1087,26,991,6,2659,17759,13,3,3,2,0,2
1088,41,642,1,2782,21412,22,12,5,3,1,0
1089,37,142,9,8834,24666,13,9,9,5,7,7
1090,44,1488,1,5454,4009,21,9,4,3,1,3
1091,23,507,20,2272,24812,14,5,4,3,1,2
1092,44,383,1,4768,9282,12,11,1,0,0,0
1093,45,1038,20,10851,19863,18,24,7,7,0,7
1094,18,230,3,1420,25233,13,0,0,0,0,0
1095,51,432,9,2075,18725,23,10,4,2,0,3
1096,35,146,2,4930,13970,14,6,5,4,1,4
1097,26,652,7,3578,23577,12,8,7,7,0,7
1098,22,1136,5,2328,12392,16,4,4,2,2,2
1099,43,415,25,10798,5268,13,18,1,0,0,0
1100,32,977,2,5470,25518,13,10,9,5,1,6
1101,28,1179,19,3196,12449,12,6,6,5,3,3
1102,36,922,3,2835,2561,22,7,1,0,0,0
1103,33,722,17,17444,20489,11,10,10,8,6,0
1104,35,104,2,2074,26619,12,1,1,0,0,0
1105,44,1099,5,18213,8751,11,26,22,9,3,10
1106,31,182,8,16422,8847,11,9,3,2,1,0
1107,29,352,6,2804,15434,11,1,1,0,0,0
1108,23,160,4,3295,12862,13,3,3,2,1,2
1109,26,342,2,2042,15346,14,6,3,2,1,2
1110,37,124,3,4107,13848,15,8,4,3,0,1
1111,26,841,6,2368,23300,19,5,5,4,4,3
1112,51,833,1,2723,23231,11,1,1,0,0,0
1113,44,661,9,2559,7508,13,8,8,7,7,1
1114,39,895,5,2086,3335,14,19,1,0,0,0
1115,33,1296,6,7725,5335,23,15,13,11,4,7
1116,51,968,6,2838,4257,14,8,7,0,7,7
1117,37,319,4,2793,2539,17,13,9,8,5,8
1118,32,646,9,6322,18089,12,6,6,4,0,5
1119,38,343,15,11510,15682,14,12,11,10,2,9
1120,32,548,1,6220,7346,17,10,10,4,0,9
1121,30,125,9,2206,16117,13,10,10,0,1,8
1122,24,1206,17,4377,24117,15,5,4,2,3,2
1123,55,135,18,6385,12992,14,17,8,7,6,7
1124,49,527,8,7403,22477,11,29,26,9,1,7
1125,30,413,7,2983,18398,14,4,3,2,1,2
1126,41,334,2,16015,15896,19,22,22,10,0,4
1127,31,307,29,3479,11652,11,6,5,4,1,4
1128,40,663,9,3975,23099,11,11,8,7,0,7
1129,29,942,15,2168,26933,18,6,5,4,1,3
1130,38,1206,9,4771,14293,19,10,5,2,0,3
1131,41,483,6,6032,10110,15,8,5,4,1,2
1132,46,406,3,17465,15596,12,23,12,9,4,9
1133,44,111,17,2290,4279,13,6,0,0,0,0
1134,33,392,2,5505,3921,14,6,6,2,0,4
1135,30,1398,22,8412,2890,11,10,9,8,7,8
1136,41,256,10,6151,22074,13,19,19,2,11,9
1137,45,1316,29,3452,9752,13,9,6,5,0,3
1138,36,1229,8,5079,25952,13,12,7,7,0,7
1139,49,174,8,13120,11879,17,22,9,8,2,3
1140,36,325,10,7094,5747,12,10,7,7,1,7
1141,31,408,9,2657,7551,16,3,2,2,2,2
1142,54,376,19,5485,22670,11,9,5,3,1,4
1143,29,806,1,2720,18959,18,10,10,7,2,8
1144,29,428,9,2760,14630,13,2,2,2,2,2
1145,21,391,15,1232,19281,14,0,0,0,0,0
1146,35,817,1,5363,10846,12,10,9,7,0,0
1147,35,607,9,10685,23457,20,17,17,14,5,15
1148,44,1448,28,13320,11737,18,23,12,11,11,11
1149,33,508,10,4682,4317,14,9,7,7,0,1
1150,40,658,10,9705,20652,12,11,1,0,0,0
1151,31,1125,1,5003,5771,21,10,10,8,8,7
1152,35,195,1,4859,6698,16,5,5,4,0,3
1153,32,1033,9,4200,10224,22,10,5,4,0,4
1154,42,300,2,18880,17312,11,24,22,6,4,14
1155,42,458,26,13191,23281,17,20,1,0,0,0
1156,24,1092,9,2694,26551,11,1,1,0,0,0
1157,36,172,4,5810,22604,16,10,10,4,1,8
1158,25,1356,10,4950,20623,14,5,4,3,1,1
1159,22,1123,16,2935,7324,13,1,1,0,0,0
1160,48,708,7,2655,11740,11,19,9,7,7,7
1161,34,648,11,4490,21833,11,14,10,9,1,8
1162,23,1243,6,1601,3445,21,1,0,0,0,0
1163,34,1153,1,4325,17736,15,5,5,2,1,3
1164,31,1082,1,2501,18775,17,1,1,1,1,0
1165,32,529,2,2439,11288,14,4,4,2,1,2
1166,31,154,7,2329,11737,15,13,7,7,5,2
1167,38,364,3,4317,2302,20,19,3,2,2,2
1168,31,163,24,5238,6670,20,9,5,4,1,4
1169,40,300,26,8396,22217,14,8,7,7,7,5
1170,23,427,7,2275,25103,21,3,3,2,0,2
1171,42,1142,8,3968,13624,13,8,0,0,0,0
1172,42,1265,3,5231,23726,13,17,5,3,1,3
1173,46,849,26,7991,25166,15,6,2,2,2,2
1174,52,890,25,13826,19028,22,31,9,8,0,0
1175,37,799,1,7491,23848,17,12,6,5,1,2
1176,50,1322,28,16880,22422,11,25,3,2,1,2
1177,26,496,11,4741,22722,13,5,5,3,3,3
1178,19,419,21,2121,9947,13,1,1,0,0,0
1179,38,1321,1,4440,7636,15,16,15,13,5,8
1180,29,738,9,3983,7621,17,4,3,2,2,2
1181,31,655,7,5915,9528,22,10,7,7,1,7
1182,27,1240,2,2341,19715,13,1,1,0,0,0
1183,53,1395,24,7005,3458,15,11,4,3,1,2
1184,28,103,24,2028,12947,14,6,4,2,0,3
1185,37,1305,10,4197,21123,12,18,1,0,0,1
1186,38,1490,2,1702,12106,23,1,1,0,0,0
1187,28,1009,1,2596,7160,15,1,1,0,0,0
1188,33,1303,7,5968,18079,20,9,9,7,2,8
1189,38,130,2,7351,20619,16,10,1,0,0,0
1190,31,140,12,3929,6984,23,7,4,2,0,2
1191,44,1315,3,19513,9358,12,26,2,2,0,1
1192,40,1469,9,3617,25063,14,3,1,1,0,0
1193,33,832,5,2911,14776,13,2,2,2,0,2
1194,33,1075,3,2277,22650,11,7,4,3,0,3
1195,44,136,28,16328,22074,13,24,20,6,14,17
1196,34,1440,7,2308,4944,25,12,11,10,5,7
1197,36,635,18,2153,7703,13,8,8,1,1,7
1198,35,662,1,7295,11439,13,10,10,8,0,6
1199,32,498,3,6725,13554,12,8,8,7,6,3
1200,35,1204,4,9582,10333,22,9,8,7,4,7
1201,24,1476,4,4162,15211,12,5,5,4,0,3
1202,52,1030,5,8446,21534,19,10,8,7,7,7
1203,36,711,5,8008,22792,12,9,3,2,0,2
1204,31,754,26,5617,21075,11,10,10,7,0,8
1205,43,394,26,16959,19494,12,25,25,12,4,12
1206,30,1465,1,3579,9369,21,12,11,9,5,7
1207,59,326,3,5171,16490,17,13,6,1,0,5
1208,38,508,6,5321,14284,11,10,8,3,7,7
1209,39,592,2,3646,17181,23,11,1,0,0,0
1210,24,897,10,2145,2097,14,3,2,2,2,1
1211,44,1467,20,3420,21158,13,6,5,2,1,3
1212,31,688,7,11557,25291,21,10,5,4,0,1
1213,41,263,6,4721,3119,13,20,18,13,2,17
1214,24,1127,18,2774,13257,12,6,5,3,1,2
1215,49,636,10,18665,25594,11,22,3,2,1,2
1216,25,891,4,4487,12090,11,5,5,4,1,3
1217,22,391,7,2472,26092,23,1,1,0,0,0
1218,32,588,8,5228,24624,11,13,13,12,11,9
1219,30,153,8,11416,17802,12,9,8,7,1,7
1220,57,405,1,4900,2721,24,13,12,9,2,8
1221,18,1306,5,1878,8059,14,0,0,0,0,0
1222,42,201,1,2576,20490,16,8,5,2,1,2
1223,38,693,7,2610,15748,11,4,4,2,0,3
1224,36,676,1,5228,23361,15,10,9,7,0,5
1225,50,797,4,19144,15815,14,28,10,4,1,6
1226,50,562,8,6796,23452,14,18,4,3,1,3
1227,28,821,5,4908,24252,14,4,4,2,0,2
1228,34,182,1,3280,13551,16,10,4,2,1,3
1229,29,318,8,2119,4759,11,7,7,7,0,7
1230,49,1091,1,13964,17810,12,25,7,1,0,7
1231,38,437,16,4198,16379,12,8,3,2,1,2
1232,28,654,1,2216,3872,13,10,7,7,3,7
1233,18,544,3,1569,18420,12,0,0,0,0,0
1234,19,303,2,1102,9241,22,1,1,0,1,0
1235,44,1193,2,10209,19719,18,16,2,2,2,2
1236,56,441,14,4963,4510,18,7,5,4,4,3
1237,36,1195,11,6499,22656,13,6,6,5,0,3
1238,21,1334,10,1416,17258,13,1,1,0,1,0
1239,30,1329,29,4115,13192,19,8,4,3,0,3
1240,24,813,1,2293,3020,16,6,2,0,2,0
1241,26,775,29,4306,4267,12,8,0,0,0,0
1242,36,1351,26,5347,7419,14,10,3,2,0,2
1243,36,506,3,4485,26285,12,10,8,0,7,7
1244,37,1372,1,2115,15881,12,17,17,12,5,7
1245,55,436,2,5160,21519,16,12,9,7,7,3
1246,42,481,12,13758,2447,12,22,21,9,13,14
1247,26,1283,1,4294,11148,12,7,7,7,0,7
1248,33,553,5,11878,23364,11,12,10,6,8,8
1249,35,944,1,8789,9096,14,10,10,7,0,8
1250,29,1010,1,3760,5598,15,3,3,2,1,2
1251,42,635,1,4907,24532,25,20,20,16,11,6
1252,26,1355,25,2942,8916,23,8,8,7,5,7
1253,37,728,1,13603,11677,18,15,5,2,0,2
1254,44,986,8,2818,5044,24,10,3,2,0,2
1255,40,218,8,13757,25178,11,16,9,8,4,8
1256,33,1242,8,6392,10589,13,8,2,2,2,2
1257,34,1442,9,8621,17654,14,9,8,7,7,7
1258,38,345,10,5343,5982,11,10,10,7,1,9
1259,35,528,8,4323,7108,17,6,5,4,1,4
1260,41,267,10,6230,13430,14,16,14,3,1,10
1261,31,335,9,2321,10322,22,4,3,2,1,2
1262,27,1157,17,3058,13364,16,6,5,2,1,1
1263,39,1383,2,5204,7790,11,13,5,4,0,4
1264,34,1239,13,8628,22914,18,9,8,7,1,1
1265,32,601,7,9204,23343,12,7,4,3,0,3
1266,46,488,2,16872,14977,12,28,7,7,7,7
1267,43,1082,27,10820,11535,11,18,8,7,0,1
1268,27,1469,1,3816,17881,11,5,5,2,0,4
1269,49,1184,11,7654,5860,18,9,9,8,7,7
1270,29,806,7,3339,17285,13,10,7,7,7,7
1271,31,106,2,6410,17822,12,9,2,2,1,0
1272,35,1349,7,2690,7713,18,1,1,0,0,1
1273,34,1031,6,4505,15000,15,12,1,0,0,0
1274,26,575,1,4364,5288,14,5,2,2,2,0
1275,36,363,1,10252,4235,21,17,7,7,7,7
1276,34,303,2,2231,11314,18,6,4,3,1,2
1277,55,1136,1,14732,12414,13,31,7,7,0,0
1278,20,129,4,2973,13008,19,1,1,0,0,0
1279,54,971,1,17328,5652,19,29,20,7,12,7
1280,34,546,10,2008,6896,14,1,1,0,1,0
1281,41,896,6,13591,14674,18,16,1,0,0,0
1282,31,561,3,4084,4156,12,7,7,2,7,7
1283,33,267,21,2028,13637,18,14,14,11,2,13
1284,30,879,9,4695,12858,18,10,8,4,1,7
1285,32,1146,15,6667,16542,18,9,5,1,1,2
1286,18,287,5,1051,13493,15,0,0,0,0,0
1287,38,1009,2,6893,19461,15,11,7,7,1,7
1288,37,625,1,10609,14922,11,17,14,1,11,7
1289,31,249,6,6172,20739,18,12,7,7,7,7
1290,37,671,19,5768,26493,17,9,4,3,0,2
1291,34,618,3,7756,22266,17,7,6,2,0,4
1292,54,584,22,17426,18685,25,36,10,8,4,7
1293,31,1003,5,8346,20943,19,6,5,2,0,2
1294,29,153,15,4193,12682,12,10,9,5,0,8
1295,24,691,23,2725,21630,11,6,6,5,1,4
1296,27,443,3,1706,16571,11,0,0,0,0,0
1297,45,589,2,5154,19665,22,10,8,7,5,7
1298,27,691,9,2024,5970,18,6,2,2,2,2
1299,30,109,5,2422,25725,17,4,3,2,1,2
1300,27,135,17,2394,25681,13,8,8,2,7,7
1301,25,810,8,4851,15678,22,4,3,2,1,2
1302,40,630,4,10855,8552,11,15,12,11,2,11
1303,34,1065,23,4568,10034,20,10,9,5,8,7
1304,42,319,24,7406,6950,21,10,10,9,5,8
1305,50,959,1,4728,17251,14,5,0,0,0,0
1306,49,1313,11,4507,8191,12,8,5,1,0,4
1307,24,350,21,2296,10036,14,2,1,1,0,0
1308,32,234,1,2269,18024,14,3,2,2,2,2
1309,32,499,2,4078,20497,13,4,3,2,1,2
1310,30,829,1,8474,20925,22,12,11,8,5,8
1311,40,898,6,16437,17381,21,21,21,7,7,7
1312,31,1274,9,10648,14394,25,13,13,8,0,8
1313,21,337,7,2679,4567,13,1,1,0,1,0
1314,46,705,2,18947,22822,12,22,2,2,2,1
1315,40,720,16,5094,11983,14,10,1,0,0,0
1316,30,241,7,2141,5348,12,6,6,4,1,1
1317,30,160,3,2083,22653,20,1,1,0,0,0
1318,52,585,29,3482,19788,15,16,9,8,0,0
1319,45,176,4,9756,6595,21,9,5,0,0,3
1320,51,313,3,13734,7192,18,21,7,7,1,0
1321,46,717,13,5562,9697,14,19,10,7,0,9
1322,58,601,7,10008,12023,14,31,10,9,5,9
1323,48,117,22,17174,2437,11,24,22,17,4,7
1324,54,821,5,19406,8509,11,24,4,2,1,2
1325,28,1476,16,5661,4824,19,9,8,3,0,7
1326,27,1242,20,9981,12916,14,7,7,7,0,7
1327,41,1276,2,16595,5626,16,22,18,16,11,8
1328,31,1062,24,6812,17198,19,10,10,9,1,8
1329,39,505,2,10938,6420,25,20,19,6,11,8
1330,48,1262,1,16885,16154,22,27,5,4,2,1
1331,41,548,9,2289,20520,20,5,5,3,0,4
1332,36,430,2,6962,19573,22,15,1,0,0,0
1333,31,1332,11,6833,17089,12,6,6,5,0,1
1334,45,1238,1,10748,3395,23,25,23,15,14,4
1335,34,999,26,2029,15891,20,5,5,4,0,0
1336,36,132,6,3038,22002,12,5,1,0,0,0
1337,29,1329,7,6623,4204,11,6,6,0,1,0
1338,32,929,10,5396,21703,12,10,10,7,0,8
1339,51,632,21,5441,8423,22,11,10,7,1,0
1340,28,280,1,2706,10494,15,3,3,2,2,2
1341,42,288,2,10124,18611,14,24,20,8,13,9
1342,56,906,6,13212,18256,11,36,7,7,7,7
1343,38,1444,1,2991,5224,11,7,6,2,1,2
1344,28,1117,8,3310,4488,21,5,5,3,0,2
1345,20,805,3,3033,12828,12,2,2,2,1,2
1346,40,593,9,13499,13782,17,20,18,7,2,13
1347,26,482,1,2933,14908,13,1,1,0,1,0
1348,37,408,19,3022,10227,21,8,1,0,0,0
1349,39,766,20,4127,19188,18,7,2,1,2,2
1350,29,992,1,2058,19757,14,7,6,2,1,5
1351,27,205,10,5769,7100,11,6,6,2,4,4
1352,28,760,2,4779,3698,20,8,8,7,7,5
1353,44,625,4,5933,5197,12,10,5,2,2,3
1354,33,1277,15,13610,24619,12,15,7,6,7,7
1355,37,1189,3,7428,14506,12,12,5,3,1,3
1356,31,542,20,4559,24788,11,4,2,2,2,2
1357,33,931,14,2756,4673,13,8,8,7,1,6
1358,22,217,8,2451,6881,15,4,4,3,1,1
1359,33,1099,4,3838,8192,11,8,5,4,0,2
1360,25,1219,4,3691,4605,15,7,7,7,5,6
1361,49,1418,1,3580,10554,16,7,4,2,0,2
1362,58,147,23,10312,3465,12,40,40,10,15,6
1363,45,1457,7,4477,20100,19,7,3,2,0,2
1364,30,946,2,6877,20234,24,12,0,0,0,0
1365,30,852,1,5126,15998,12,10,10,8,3,0
1366,42,179,2,6272,12858,16,10,4,3,0,3
1367,30,740,1,9714,5323,11,10,10,8,6,7
1368,46,430,1,19627,21445,17,23,2,2,2,2
1369,38,573,6,5329,15717,12,17,13,11,1,9
1370,60,1499,28,10266,2845,19,22,18,13,13,11
1371,24,535,24,2400,5530,13,3,2,2,2,1
1372,50,1115,1,18172,9755,19,28,8,3,0,7
1373,30,1312,23,2613,22310,25,10,10,7,0,9
1374,24,823,17,2127,9100,21,1,1,0,0,0
1375,40,1171,10,2213,22495,13,10,7,7,1,7
1376,20,769,9,2323,17205,14,2,2,2,0,2
1377,37,1439,4,2996,5182,15,8,6,4,1,3
1378,40,1300,24,3319,24447,17,9,9,8,4,7
1379,27,1450,3,2566,25326,15,1,1,1,0,1
1380,53,661,1,12965,22308,20,27,3,2,0,2
1381,39,1485,25,10920,3449,21,13,6,4,0,5
1382,40,580,5,10475,23772,21,20,18,13,1,12
1383,59,142,3,2177,8456,17,7,1,0,0,0
1384,37,1063,25,4449,23866,15,15,13,11,10,7
1385,42,1396,6,13348,14842,13,18,13,7,5,7
1386,32,824,5,5878,15624,12,12,7,1,2,5
1387,45,364,25,18061,13035,22,22,0,0,0,0
1388,38,362,1,2619,14561,17,8,0,0,0,0
1389,40,616,2,3377,25605,17,7,4,3,0,2
1390,26,786,7,2570,11925,20,7,7,7,5,7
1391,18,812,10,1200,9724,12,0,0,0,0,0
1392,39,1089,6,8376,9150,18,9,2,0,2,2
1393,56,1240,9,2942,12154,19,18,5,4,0,3
1394,36,559,12,4663,12421,12,7,3,2,1,1
1395,39,117,10,17068,5355,14,21,21,9,11,10
1396,33,1017,25,2313,2993,20,5,2,2,2,2
1397,53,1084,13,4450,26250,11,5,4,2,1,3
1398,31,670,26,2911,15170,17,5,5,2,4,3
1399,33,1283,2,5147,10697,15,13,11,7,1,7
1400,23,373,1,1223,16901,22,1,1,0,0,1
1401,49,1495,5,6651,21534,14,20,3,2,1,2
1402,39,524,18,4534,13352,11,9,8,7,1,7
1403,55,1229,4,4035,16143,16,4,3,2,1,2
1404,40,1142,8,4069,8841,18,8,2,2,2,2
1405,32,1184,1,2332,3974,20,5,3,0,0,2
1406,34,560,1,2996,20284,14,10,4,3,1,3
1407,36,938,2,2519,12287,21,16,11,8,3,9
1408,42,1368,28,4523,4386,11,7,6,5,0,4
1409,47,1309,4,2976,25751,19,5,0,0,0,0
1410,38,723,2,5405,4244,20,20,4,2,0,3
1411,42,926,21,5265,16439,16,11,5,3,0,2
1412,36,688,4,5131,9192,13,18,4,2,0,2
1413,52,699,1,19999,5678,14,34,33,18,11,9
1414,40,329,1,2387,6762,22,7,4,2,0,3
1415,39,203,2,12169,13547,11,21,18,7,11,5
1416,60,696,7,5220,10893,18,12,11,7,1,9
1417,35,819,2,10274,19588,18,15,7,7,6,4
1418,34,1303,2,2768,8416,12,14,7,3,5,7
1419,23,1320,8,3989,20586,11,5,5,4,1,2
1420,56,1255,1,2066,10494,22,5,3,2,1,0
1421,42,748,9,3673,16458,13,12,12,9,5,8
1422,43,1001,9,5679,19627,13,10,8,7,4,7
1423,21,156,12,2716,25422,15,1,1,0,0,0
1424,34,829,15,17007,11929,14,16,14,8,6,9
1425,42,570,8,18430,16225,13,24,24,7,14,9
1426,48,626,1,5381,19294,13,23,1,0,0,0
1427,49,470,20,6567,5549,14,16,15,11,5,11
1428,25,583,4,4256,18154,12,5,5,2,0,3
1429,40,676,9,2018,21831,14,15,5,4,1,0
1430,52,956,6,5577,22087,12,18,10,9,6,9
1431,29,574,20,3812,7003,13,11,11,8,3,10
1432,34,829,3,3737,2243,19,4,3,2,0,2
1433,26,575,3,3102,6582,22,7,6,4,0,4
1434,41,1360,12,19545,16280,12,23,22,15,15,8
1435,27,728,23,3540,7018,21,9,9,8,5,8
1436,36,1157,2,2644,17001,21,7,3,2,1,2
1437,38,1394,8,2133,18115,16,20,20,11,0,7
1438,45,1195,2,16792,20462,23,22,20,8,11,8
1439,41,1018,1,4103,4297,17,10,9,3,1,7
1440,30,305,16,5294,9128,16,10,7,0,1,7
1441,29,121,27,7639,24525,22,10,10,4,1,9
1442,26,933,1,5296,20156,17,8,8,7,7,7
1443,37,1225,10,4680,15232,17,4,1,0,0,0
1444,36,530,2,4502,7439,15,17,13,7,6,7
1445,40,989,4,19033,6499,14,21,20,8,9,9
1446,32,414,2,9907,26186,12,7,2,2,2,2
1447,35,303,27,5813,13492,18,10,10,7,7,7
1448,35,464,4,1951,10910,12,1,1,0,0,0
1449,25,685,1,4898,7505,12,5,4,2,1,2
1450,59,1324,3,2670,9964,20,12,1,0,0,0
1451,56,713,8,4257,13939,18,19,2,2,2,2
1452,26,390,17,2305,6217,15,3,3,2,0,2
1453,33,350,5,2851,9150,13,1,1,0,0,0
1454,29,991,5,4187,3356,13,10,10,0,0,9
1455,37,1141,11,4777,14382,15,15,1,0,0,0
1456,35,727,3,1281,16900,18,1,1,0,0,0
1457,34,669,1,5343,25755,20,14,13,9,4,9
1458,24,984,17,2210,3372,13,1,1,0,0,0
1459,36,1396,5,5914,9945,16,16,13,11,3,7
1460,32,116,13,2743,7331,20,2,2,2,2,2
1461,20,654,21,2678,5050,17,2,2,1,2,2
1462,35,890,2,2014,9687,13,2,2,2,2,2
1463,51,237,9,19847,19196,24,31,29,10,11,10
1464,35,1361,17,8966,21026,15,15,7,7,1,7
1465,34,653,10,5063,15332,14,8,8,2,7,7
1466,33,586,1,4037,21816,22,9,9,8,0,8
1467,42,855,12,2766,8952,22,7,5,3,0,4
1468,43,1422,2,5675,19246,20,7,7,7,7,7
1469,38,268,2,3057,20471,13,6,1,0,0,1
