,Attrition,BusinessTravel,Department,Education,EducationField,EnvironmentSatisfaction,Gender,HourlyRate,JobInvolvement,JobLevel,JobRole,JobSatisfaction,MaritalStatus,NumCompaniesWorked,OverTime,PerformanceRating,RelationshipSatisfaction,StockOptionLevel,TrainingTimesLastYear,WorkLifeBalance
0,0,1,1,4,0,2,1,87,3,3,6,2,0,7,0,3,4,0,4,3
1,0,1,1,5,0,2,0,32,3,2,3,1,2,3,0,3,3,1,3,3
2,0,1,0,4,3,2,1,45,3,2,0,1,0,7,0,3,4,0,3,4
3,0,1,0,2,1,3,0,63,2,2,0,2,2,1,1,3,2,3,4,2
4,1,1,1,4,0,1,1,79,3,1,2,3,0,2,0,3,3,0,5,1
5,0,2,1,1,1,1,0,86,3,3,6,3,1,5,0,3,4,0,3,2
6,0,1,1,4,0,3,0,53,3,2,3,2,0,9,1,3,4,0,2,3
7,0,1,0,2,3,4,0,46,3,2,0,2,2,7,0,3,3,2,5,3
8,0,1,1,4,1,1,1,35,3,1,1,4,0,1,0,3,3,0,4,1
9,0,2,1,1,0,3,1,61,2,2,1,2,1,1,0,4,4,1,3,3
10,0,1,1,1,1,4,1,64,2,1,1,4,1,1,0,3,3,2,2,3
11,0,1,1,3,1,4,1,39,4,4,7,2,0,4,0,3,2,0,2,2
12,0,1,1,2,0,4,0,43,2,2,3,4,1,9,1,3,4,1,4,3
13,1,1,1,3,5,1,1,81,3,2,2,3,2,7,0,3,2,1,3,2
14,1,1,1,3,1,1,1,91,3,1,2,1,1,5,0,3,3,1,5,3
15,0,1,1,2,0,4,0,82,4,2,1,1,0,3,1,3,3,0,1,3
16,1,1,0,3,3,3,1,46,2,2,0,3,0,1,1,3,4,0,1,3
17,0,1,1,2,1,1,1,87,3,2,3,1,1,1,0,4,4,1,3,3
18,0,1,1,2,1,3,0,52,2,2,6,4,2,7,0,3,3,2,2,3
19,0,1,0,3,1,3,1,42,2,2,0,3,0,9,0,3,3,0,2,3
20,0,1,1,3,1,1,0,62,4,1,2,3,2,8,0,3,2,1,0,2
21,0,1,1,5,0,4,0,50,2,3,7,1,2,5,0,3,3,3,3,3
22,0,2,1,4,0,2,1,75,2,1,1,4,2,9,0,3,2,1,3,2
23,0,1,1,3,2,1,1,94,2,1,1,2,2,5,0,3,4,1,1,3
24,0,1,0,4,3,2,1,43,3,2,0,3,0,1,0,3,2,0,2,2
25,0,1,1,3,2,3,0,37,2,3,6,2,2,2,1,3,4,1,3,3
26,0,0,2,3,4,4,0,30,4,4,4,4,0,2,1,3,3,0,3,3
27,1,1,0,3,1,2,1,89,3,1,5,4,0,1,0,3,3,0,3,2
28,1,1,1,4,2,1,1,100,2,1,1,1,0,6,0,3,3,0,2,1
29,0,1,1,3,1,3,1,49,3,3,7,3,1,0,0,3,4,0,3,4
30,0,1,1,3,0,1,1,97,2,2,6,3,0,2,0,3,4,0,0,3
31,0,1,1,4,0,1,0,47,3,2,3,4,1,0,0,3,2,1,2,3
32,0,2,1,3,0,3,1,39,2,1,1,3,2,1,1,3,4,1,2,3
33,0,2,0,3,1,2,0,82,3,2,0,3,1,1,0,3,1,1,3,2
34,0,1,0,1,0,4,1,96,3,2,0,3,1,8,0,3,3,2,2,2
35,0,0,1,4,1,4,0,33,2,2,3,3,1,0,0,3,3,0,6,3
36,1,2,1,2,1,3,0,88,2,1,1,3,1,1,1,3,1,1,2,3
37,0,1,1,2,1,2,1,48,2,2,3,2,2,2,1,3,3,1,2,3
38,0,0,0,4,0,1,1,79,2,5,4,3,0,1,1,3,4,0,2,4
39,0,1,1,3,0,4,1,34,2,3,6,4,2,4,0,3,3,1,2,3
40,0,1,1,3,1,4,0,41,3,2,6,4,1,0,1,3,3,2,2,1
41,0,1,0,1,1,3,1,58,3,1,5,1,0,1,1,3,4,0,6,3
42,0,2,1,2,0,4,1,95,3,2,3,3,0,2,0,3,4,0,3,2
43,0,2,1,3,0,4,1,90,3,2,1,4,1,7,0,3,4,2,4,4
44,0,1,0,1,0,4,1,76,3,1,5,3,1,1,0,3,1,1,3,3
45,0,1,1,1,1,2,1,91,3,1,2,1,2,1,0,3,2,3,2,4
46,1,1,0,3,3,1,0,69,3,2,0,1,0,5,0,3,3,0,3,3
47,1,1,0,2,0,1,0,65,3,2,0,3,0,9,0,3,1,0,3,3
48,0,1,1,2,1,4,1,100,2,1,1,3,0,1,0,3,1,0,4,4
49,0,1,1,3,1,2,0,31,3,5,7,4,2,0,1,3,4,1,4,2
50,0,1,1,1,1,2,0,89,4,2,6,3,2,5,0,4,2,3,0,3
51,0,1,1,3,1,4,1,84,1,2,3,2,2,5,0,3,4,1,3,3
52,0,2,1,4,1,2,0,87,3,4,4,4,2,3,0,4,1,1,2,3
53,0,1,0,3,0,1,1,41,2,2,0,3,1,2,0,3,4,0,3,3
54,1,1,1,3,2,3,1,66,1,1,2,4,0,1,1,3,2,0,3,1
55,0,2,1,5,0,4,0,50,3,2,2,4,0,1,0,3,4,0,2,3
56,0,2,1,4,0,1,0,75,4,2,3,1,0,6,1,3,4,0,2,3
57,0,2,2,4,4,3,1,71,3,2,8,3,1,3,0,3,3,0,2,3
58,0,1,1,4,1,1,1,30,3,3,7,3,0,4,0,3,1,0,3,4
59,0,1,1,3,0,4,1,72,3,3,6,3,1,4,1,3,3,0,2,3
60,0,1,1,3,1,3,1,51,4,2,1,1,2,4,1,3,1,2,2,3
61,0,2,1,3,1,4,1,61,3,1,2,4,1,7,0,4,1,1,1,3
62,0,1,1,2,1,3,0,83,2,1,1,1,1,2,0,3,1,1,2,2
63,0,0,1,3,1,3,1,49,3,1,1,3,0,1,0,3,3,0,3,2
64,0,1,1,1,1,4,0,86,2,1,1,4,0,0,1,4,4,0,2,2
65,0,1,0,5,3,3,1,99,3,2,0,4,2,7,0,4,4,1,2,2
66,1,2,1,3,0,1,1,66,1,2,2,3,0,1,1,4,4,0,3,3
67,0,1,1,3,1,3,0,98,3,1,2,1,1,6,0,4,2,1,3,3
68,0,1,0,3,0,3,1,77,2,2,0,3,2,1,0,3,3,2,3,3
69,0,1,0,3,5,4,1,81,1,2,0,1,0,3,0,3,4,0,2,3
70,0,0,1,2,1,2,1,90,3,2,3,4,2,2,0,3,3,1,6,3
71,1,1,1,1,1,2,1,83,3,1,1,1,0,2,0,3,3,0,2,3
72,0,0,0,4,0,4,0,57,3,3,0,3,2,1,1,3,1,1,5,2
73,0,0,1,3,0,1,0,63,4,3,7,1,1,9,0,3,1,1,2,3
74,0,1,0,4,3,3,1,31,2,4,4,1,1,1,0,3,1,0,3,4
75,1,1,0,4,3,1,1,85,4,4,0,3,0,6,1,3,3,0,2,2
76,0,1,1,3,1,3,0,76,3,2,6,3,1,3,0,3,3,1,4,3
77,0,0,1,3,0,1,1,52,3,1,1,3,0,4,0,3,3,0,2,2
78,0,1,0,2,0,4,0,32,1,2,0,4,0,5,0,3,1,0,3,3
79,0,1,1,4,0,2,0,51,4,3,3,1,2,1,0,3,3,1,1,3
80,0,0,1,2,5,2,0,85,2,1,1,3,1,1,1,3,2,0,2,2
81,1,2,0,2,0,2,0,77,4,2,0,3,0,4,1,3,4,0,2,3
82,0,1,1,3,0,2,1,59,3,3,1,1,2,2,0,3,3,1,2,3
83,0,1,1,3,1,3,0,87,3,2,3,3,2,2,0,3,3,1,5,2
84,0,0,1,3,1,3,0,49,3,1,2,4,0,0,0,3,3,0,2,2
85,0,2,0,3,1,4,0,49,3,4,0,3,2,9,1,3,4,2,2,2
86,0,2,1,2,1,3,1,54,2,5,4,4,1,1,0,3,1,1,2,3
87,0,0,0,2,1,1,1,39,3,1,5,4,0,1,0,4,3,0,3,2
88,0,2,1,3,1,3,1,40,2,3,6,1,1,2,1,3,3,1,5,2
89,0,2,1,3,1,2,0,54,3,2,1,2,2,1,0,3,1,1,2,3
90,0,1,2,3,5,2,1,51,2,3,8,1,0,1,0,3,1,0,3,2
91,0,1,1,3,2,4,0,84,3,1,1,1,2,5,0,3,4,1,3,3
92,0,1,1,3,0,3,1,82,3,1,1,4,1,1,0,3,3,1,6,4
93,0,2,1,3,2,3,1,46,3,1,1,2,1,1,0,3,3,0,2,2
94,0,1,1,3,0,3,1,98,3,2,1,4,0,1,0,3,3,0,4,3
95,0,2,1,3,1,1,0,81,3,2,3,3,0,0,0,3,4,0,2,1
96,0,1,1,3,1,2,1,95,4,2,6,1,1,5,0,3,3,2,2,2
97,0,1,1,4,1,4,0,68,3,2,1,4,1,4,0,3,2,1,2,2
98,0,1,0,4,1,4,0,68,3,5,4,4,2,3,0,3,3,1,3,2
99,0,1,1,4,5,4,1,75,3,2,1,4,1,9,0,3,1,2,3,3
100,0,1,1,4,5,3,1,100,2,1,1,1,0,3,1,3,2,0,1,3
101,0,0,1,3,1,3,0,40,3,3,7,3,1,4,0,4,3,1,2,4
102,0,1,1,4,0,4,1,49,3,2,3,3,1,2,0,3,2,1,3,3
103,0,0,0,3,1,2,1,52,3,4,4,2,2,4,0,4,4,1,0,2
104,0,2,1,3,0,4,1,44,2,3,3,3,0,0,0,4,2,0,2,3
105,0,1,1,3,1,4,0,55,2,2,6,1,0,8,0,3,1,0,2,1
106,0,1,1,4,1,1,0,42,2,3,6,4,1,3,0,3,4,1,4,3
107,0,1,1,1,1,4,1,42,2,3,6,1,1,4,0,3,1,1,5,3
108,0,0,0,4,3,4,1,88,1,2,0,4,2,1,0,4,1,1,4,2
109,0,1,0,4,0,2,0,73,3,2,0,3,0,6,0,3,1,0,5,3
110,1,2,1,3,0,4,1,43,3,1,2,3,2,3,1,4,4,1,0,1
111,0,1,1,3,0,4,0,87,2,4,7,4,2,3,0,3,2,2,2,2
112,0,2,1,4,0,3,1,78,2,4,6,2,1,1,0,4,4,1,3,2
113,0,0,1,4,0,4,1,92,3,2,3,4,2,1,1,3,1,2,0,3
114,0,2,0,2,1,4,1,35,1,2,0,4,2,0,0,3,4,3,2,4
115,0,2,1,3,1,4,0,30,3,4,4,1,1,2,0,4,3,1,3,3
116,0,2,1,2,1,3,0,58,3,2,2,4,0,1,0,4,4,0,2,3
117,0,1,1,5,0,4,1,69,3,2,6,3,0,2,1,3,1,0,6,3
118,0,1,1,3,0,4,1,44,2,2,3,2,0,1,0,3,4,0,2,3
119,1,1,0,4,3,4,1,48,2,2,0,4,0,1,1,3,2,0,0,3
120,0,1,1,2,1,1,0,65,3,2,3,4,2,5,0,3,3,3,2,3
121,0,1,1,3,0,1,0,89,3,1,1,4,1,1,0,4,1,0,5,3
122,0,0,1,3,0,3,1,90,2,1,2,3,0,3,0,3,4,0,5,3
123,0,1,0,3,2,2,0,83,3,2,0,3,0,0,0,3,2,0,6,3
124,1,2,0,1,2,3,0,100,1,1,5,1,0,0,0,4,1,0,5,4
125,0,1,0,3,0,3,1,57,2,2,0,2,2,2,0,3,3,1,5,3
126,0,0,1,5,0,1,1,87,1,1,2,3,1,1,0,3,4,3,4,3
127,0,1,0,1,5,3,1,98,3,2,0,1,1,1,1,3,4,0,3,3
128,0,1,0,3,2,1,0,45,4,4,0,1,2,2,0,3,4,1,5,3
129,0,1,0,3,3,1,1,56,2,4,4,4,2,3,0,3,3,1,3,2
130,0,1,1,3,1,2,1,30,2,1,1,3,0,1,0,3,1,0,3,3
131,0,1,0,2,0,4,0,90,3,4,4,4,1,3,0,3,2,1,4,4
132,0,2,0,3,3,1,0,83,4,2,0,1,1,2,0,3,4,1,2,2
133,0,1,0,1,1,3,0,32,3,2,0,4,0,1,0,4,2,0,5,2
134,0,1,1,3,1,3,1,60,2,5,7,1,1,8,0,3,2,3,2,3
135,1,2,0,4,0,2,1,74,2,1,5,1,1,1,0,3,3,1,2,4
136,0,1,0,4,0,1,0,78,2,4,4,4,1,2,0,3,3,0,3,3
137,0,2,1,3,1,2,1,53,3,1,1,4,1,1,1,3,3,3,3,2
138,1,1,0,3,2,4,1,38,2,2,0,1,0,6,0,3,3,0,2,2
139,0,2,1,5,1,3,1,88,1,4,7,4,0,1,1,3,4,0,2,3
140,0,0,1,1,0,1,1,46,2,1,2,4,1,0,0,3,4,0,2,2
141,0,1,1,3,1,4,1,81,3,5,4,1,0,0,1,3,3,0,2,3
142,0,1,1,1,0,4,0,82,3,1,1,1,2,0,1,3,2,2,3,2
143,1,1,1,1,1,2,1,70,3,2,6,1,1,7,1,3,2,0,2,3
144,0,1,1,3,1,4,0,40,3,1,1,2,0,1,0,3,4,0,3,2
145,0,0,1,3,1,2,0,33,3,1,1,3,0,1,0,3,3,0,4,1
146,0,1,1,4,2,4,1,60,3,2,3,4,2,2,0,3,3,1,3,2
147,0,1,0,3,0,4,1,74,3,2,0,3,0,1,1,3,1,0,3,3
148,0,1,1,3,1,4,1,49,3,1,2,2,0,8,0,4,4,0,2,3
149,0,1,1,3,0,4,1,68,3,4,3,2,1,4,1,3,1,1,0,3
150,1,2,1,3,0,1,1,66,3,3,6,3,1,3,0,3,1,0,2,3
151,0,1,1,3,5,3,1,85,3,2,3,1,1,0,0,3,3,1,1,2
152,0,1,1,2,0,3,1,92,4,5,4,1,2,1,0,3,4,2,4,2
153,0,1,1,4,0,2,1,46,3,1,2,4,1,3,1,3,1,1,4,3
154,0,2,2,1,4,2,1,94,2,2,8,4,0,1,0,4,4,0,2,2
155,0,1,1,3,1,3,0,67,3,1,1,4,0,1,0,3,3,0,5,2
156,0,1,0,2,0,3,0,87,3,2,0,4,1,4,0,3,3,1,2,2
157,0,1,1,3,5,3,1,70,4,5,4,4,1,0,0,3,3,1,2,3
158,0,1,1,3,0,3,1,99,2,2,6,4,1,1,0,3,1,3,3,3
159,0,0,1,3,0,3,1,53,3,1,2,4,1,4,0,3,3,1,3,1
160,0,1,2,3,4,3,0,82,3,1,8,2,1,4,0,3,3,0,3,3
161,0,1,0,3,0,3,1,80,3,2,0,2,1,0,0,3,4,1,3,3
162,0,1,2,3,4,4,1,59,2,5,4,3,1,1,0,3,2,1,3,3
163,0,1,1,2,0,3,0,75,3,1,2,4,0,1,0,3,3,0,3,3
164,0,0,1,3,1,2,1,74,3,2,3,1,0,0,0,3,2,0,2,3
165,0,2,1,3,5,2,1,47,3,3,7,4,2,1,1,3,3,3,1,3
166,0,1,1,3,0,3,0,43,1,2,3,4,0,2,0,4,3,0,2,3
167,0,0,0,4,1,2,1,32,3,3,0,4,0,1,0,3,4,0,3,2
168,0,1,0,4,3,2,0,100,2,2,0,4,1,4,0,3,1,1,2,2
169,0,2,1,4,5,4,1,47,2,1,2,4,1,1,0,3,2,1,2,4
170,0,1,1,4,0,3,1,78,2,3,6,3,0,7,0,3,2,0,3,3
171,1,1,1,2,0,1,1,97,3,1,2,4,0,1,0,3,4,0,3,3
172,1,1,1,4,0,3,0,43,4,1,2,1,0,1,0,3,3,0,1,3
173,0,1,0,4,1,2,1,88,3,5,4,2,0,1,0,3,2,0,3,2
174,1,2,0,4,3,3,0,52,2,2,0,1,0,5,0,3,3,0,5,2
175,0,1,2,4,1,2,1,36,3,1,8,2,0,1,0,3,1,0,3,3
176,1,2,0,1,0,3,1,73,1,1,5,4,0,1,1,3,4,0,4,3
177,0,2,1,1,0,3,0,48,3,1,2,3,1,1,0,3,1,1,3,3
178,0,1,0,4,3,2,1,77,3,2,0,4,2,3,1,3,3,2,4,3
179,0,1,0,3,0,3,1,99,3,1,5,3,0,1,0,3,3,0,6,3
180,0,1,1,4,2,1,1,66,3,3,6,2,2,1,0,3,1,3,4,3
181,0,1,0,4,0,3,0,55,3,2,0,4,1,1,1,3,4,0,2,3
182,0,1,1,3,1,3,1,68,2,1,2,2,1,4,0,3,2,1,3,3
183,0,1,1,2,1,3,0,43,2,2,2,1,1,4,0,4,1,1,3,3
184,0,1,1,3,2,4,0,80,3,3,7,1,1,1,0,3,2,1,3,3
185,1,1,0,2,3,3,1,68,2,2,0,3,1,2,1,3,1,2,6,3
186,0,0,0,4,3,3,1,87,3,2,0,2,1,7,0,3,4,1,3,1
187,0,1,0,3,3,4,0,80,3,4,4,4,1,5,1,4,3,1,3,3
188,1,2,1,4,1,1,0,54,2,2,1,3,0,1,0,4,2,0,4,3
189,0,1,1,3,0,3,1,76,3,1,1,2,1,0,0,4,4,1,3,3
190,1,2,1,2,1,3,1,38,2,1,2,1,0,7,0,3,3,0,2,2
191,0,1,1,4,1,3,0,30,3,1,2,1,1,3,1,3,3,1,3,3
192,0,1,1,3,0,4,0,83,2,1,1,2,0,1,0,3,4,0,0,4
193,0,1,1,3,0,4,1,90,3,3,6,1,1,7,1,3,4,1,1,3
194,0,1,0,3,3,4,1,44,3,2,0,4,0,1,0,3,1,0,5,3
195,0,1,0,3,1,4,1,73,3,2,0,4,1,1,1,3,1,1,3,3
196,0,1,1,2,5,4,1,93,2,5,4,4,0,8,0,4,4,0,2,3
197,0,1,1,3,0,3,1,60,3,1,1,4,0,1,0,3,1,0,1,3
198,0,2,1,2,0,4,0,53,3,1,2,4,0,0,1,3,3,0,3,2
199,0,1,1,4,5,2,1,50,2,4,7,4,2,4,1,3,3,1,3,2
200,0,1,1,5,0,4,1,42,3,5,7,3,1,4,0,3,2,1,2,3
201,0,1,1,3,1,3,0,45,2,3,4,1,0,2,0,3,4,0,6,3
202,1,1,0,3,3,4,1,39,2,3,0,1,2,4,1,3,2,1,3,3
203,0,1,1,2,1,4,0,54,2,3,3,3,1,3,1,3,4,1,6,4
204,1,2,0,3,2,1,0,51,3,2,0,2,0,5,0,3,1,0,4,1
205,0,2,1,4,0,3,1,81,4,1,2,4,1,4,0,3,4,2,2,3
206,1,2,1,4,0,1,1,53,1,3,3,4,0,2,0,3,4,0,2,3
207,0,1,1,3,0,1,1,77,3,1,2,2,0,2,0,3,3,0,4,3
208,0,1,0,4,0,4,0,65,2,1,5,4,0,1,1,3,1,0,3,2
209,0,1,2,2,1,2,1,80,3,2,8,2,2,8,1,4,4,1,2,3
210,0,1,0,3,3,3,0,47,2,2,0,4,1,7,1,3,3,1,2,2
211,0,1,1,3,2,4,1,100,2,3,6,4,0,6,0,3,4,0,2,3
212,1,1,0,3,1,4,1,55,2,3,0,1,1,9,0,3,3,0,3,3
213,0,0,0,3,0,3,0,36,3,2,0,4,2,1,1,4,3,1,2,3
214,0,0,0,3,2,3,0,85,3,2,0,4,0,1,1,3,2,0,1,3
215,0,1,1,3,1,4,0,76,3,5,7,1,1,3,1,4,3,1,3,3
216,0,1,0,4,0,3,0,41,2,3,0,3,1,6,0,3,2,1,4,3
217,0,1,1,2,0,3,1,83,4,3,6,4,2,3,1,3,2,1,2,1
218,0,1,0,3,3,4,0,95,2,2,0,3,1,1,0,4,4,2,2,3
219,0,1,0,4,3,4,0,73,3,2,0,1,2,7,0,3,2,2,3,3
220,0,1,1,2,5,3,0,33,3,4,4,4,1,1,1,3,3,1,3,2
221,0,1,1,3,0,3,0,42,4,3,7,4,1,1,1,4,1,1,2,3
222,0,2,1,4,2,4,0,78,2,1,1,1,0,0,0,3,4,0,2,3
223,0,1,1,1,1,2,1,37,3,1,2,1,1,1,0,3,4,1,2,4
224,0,2,1,3,1,2,0,72,4,1,1,3,0,4,0,3,4,0,2,3
225,0,1,1,2,0,3,0,39,3,3,7,4,0,3,0,3,4,0,6,3
226,0,1,1,3,1,2,1,64,2,2,6,4,1,0,0,4,2,1,2,3
227,0,1,0,4,3,3,1,48,3,2,0,2,1,0,0,3,4,1,2,3
228,0,0,0,1,0,2,0,88,2,1,5,4,0,0,0,3,4,0,2,2
229,0,1,1,1,0,3,1,83,3,1,1,4,2,1,0,3,3,2,2,2
230,0,2,0,3,1,4,1,63,2,2,0,2,1,2,0,3,4,0,3,2
231,1,2,2,3,4,2,0,43,3,3,8,1,2,9,1,3,3,3,2,3
232,0,1,1,1,0,4,1,36,4,1,2,4,1,1,0,3,4,0,2,3
233,0,0,0,3,0,4,1,61,3,2,0,3,1,1,0,3,1,1,3,2
234,0,1,0,2,2,2,1,92,4,2,0,3,1,1,0,4,3,2,5,3
235,0,1,1,4,5,1,0,41,3,2,1,3,0,1,0,3,3,0,3,3
236,0,1,1,4,0,4,0,40,4,1,1,3,0,3,0,3,3,0,0,3
237,0,0,1,4,0,1,1,78,3,2,3,4,0,2,0,4,1,0,0,3
238,0,1,1,3,0,4,0,66,3,2,1,2,2,1,0,3,3,1,2,3
239,0,2,0,4,3,4,1,79,3,2,0,4,0,8,0,3,3,0,2,4
240,0,1,1,1,1,1,1,65,4,1,1,1,0,7,0,3,3,0,3,2
241,0,2,0,3,0,4,1,37,3,3,0,3,0,1,0,3,4,0,0,3
242,0,1,1,1,0,4,1,71,3,1,1,1,0,1,0,3,4,0,2,3
243,1,1,0,4,1,4,1,32,1,3,0,4,1,1,0,3,3,0,2,2
244,0,1,1,3,1,3,1,81,3,4,6,4,1,7,0,3,3,0,1,2
245,0,2,1,3,1,4,0,42,2,1,2,2,0,1,0,4,2,0,3,3
246,0,1,0,4,0,4,1,56,4,4,4,1,0,1,0,3,2,0,5,1
247,0,2,2,3,1,1,1,99,3,5,4,2,1,1,0,3,3,1,2,3
248,1,1,1,4,0,1,1,34,3,1,1,3,1,9,1,3,3,3,2,4
249,1,1,2,4,4,3,1,63,3,1,8,1,2,4,1,4,4,0,3,3
250,0,1,0,2,1,2,1,57,1,2,0,4,1,2,1,4,3,3,2,2
251,0,1,1,3,0,1,1,51,3,4,7,3,1,6,0,3,3,0,2,1
252,0,1,1,2,0,2,0,92,3,2,3,1,1,2,1,3,2,1,3,3
253,0,1,0,3,0,2,0,41,3,3,0,4,1,2,0,3,3,1,2,3
254,0,1,1,4,0,2,1,45,3,2,1,4,1,9,0,3,2,1,3,2
255,0,1,0,1,1,2,1,40,3,1,5,3,1,1,0,3,3,0,1,3
256,0,1,1,3,0,3,0,97,3,4,4,4,0,2,1,3,3,0,2,3
257,1,1,0,3,1,3,0,49,2,1,5,3,0,1,0,3,4,0,3,2
258,0,1,0,3,3,3,0,54,3,2,0,2,1,5,0,4,3,1,3,3
259,0,1,1,4,0,3,0,49,2,1,2,2,0,1,0,3,3,0,3,3
260,0,1,0,4,3,2,1,75,4,2,0,4,2,0,0,3,4,1,2,2
261,0,2,1,4,1,2,1,73,3,3,7,3,2,9,0,3,1,1,3,3
262,0,1,1,4,2,3,1,86,3,1,1,4,1,0,1,3,3,1,4,3
263,0,1,1,4,5,4,1,52,3,3,7,1,1,4,1,3,2,0,3,4
264,0,2,1,3,1,1,1,64,3,5,7,3,2,2,0,3,2,1,2,4
265,0,1,0,3,0,3,0,51,3,4,4,2,1,8,0,3,4,1,2,4
266,0,1,0,2,1,3,1,45,3,4,4,3,2,6,0,3,3,1,3,4
267,0,1,0,4,3,3,1,73,2,3,0,3,2,0,1,3,2,2,2,3
268,0,1,1,3,2,2,1,55,3,3,3,4,1,4,1,3,4,2,4,4
269,0,1,2,4,0,4,1,99,3,5,4,2,0,6,0,3,1,0,4,3
270,0,1,1,4,1,3,0,57,3,3,6,3,2,1,1,3,3,1,3,2
271,0,1,0,1,1,4,0,75,2,2,0,4,1,3,1,3,3,0,3,2
272,0,1,1,3,1,1,1,84,3,3,6,3,0,2,0,4,2,0,3,3
273,0,2,0,3,0,4,0,30,3,2,0,2,1,0,0,3,3,1,3,3
274,0,1,0,4,1,4,1,37,3,4,0,3,0,0,0,3,3,0,1,2
275,0,1,2,3,0,2,1,97,3,1,8,4,0,0,0,3,2,0,5,3
276,0,0,1,2,0,3,1,74,3,1,1,3,2,9,0,3,2,1,0,3
277,0,1,1,3,0,4,1,55,2,1,1,3,1,1,0,3,3,1,0,3
278,1,1,0,2,3,3,1,36,2,1,5,2,1,1,1,3,3,3,2,3
279,1,1,0,1,3,4,1,50,3,1,5,3,0,1,1,3,4,0,2,2
280,1,1,1,3,0,1,1,48,1,1,2,3,0,1,0,3,3,0,2,2
281,0,0,1,5,0,4,1,63,2,2,6,4,1,9,0,3,4,1,5,1
282,1,2,1,2,1,3,1,99,3,1,1,2,2,1,1,3,3,3,2,2
283,1,1,2,1,4,4,1,58,1,1,8,3,1,1,0,3,3,1,2,3
284,0,1,1,4,0,3,0,62,1,1,1,4,1,1,0,3,4,1,5,3
285,0,1,0,1,1,1,0,91,3,3,4,3,1,3,0,4,2,1,3,1
286,0,0,0,3,0,4,1,87,3,2,0,3,2,1,1,3,3,1,3,3
287,0,1,1,3,0,2,1,65,4,1,1,1,1,1,1,3,1,1,3,2
288,0,1,1,4,0,3,1,35,3,3,6,2,2,3,0,3,2,2,3,3
289,0,1,1,4,2,1,0,60,3,3,7,3,1,9,0,3,1,1,5,1
290,0,1,1,2,1,4,0,50,3,5,4,3,2,3,0,3,2,1,6,3
291,0,1,0,4,0,1,0,72,3,1,5,4,1,1,0,3,2,1,1,2
292,0,1,1,4,0,4,1,82,3,2,6,4,2,9,0,3,2,1,2,3
293,1,2,1,2,0,1,0,45,2,1,2,3,0,1,0,4,3,0,2,1
294,0,1,1,2,1,2,1,93,3,1,2,4,2,0,0,3,3,1,2,3
295,0,1,1,1,2,4,0,70,2,1,1,2,0,1,1,3,3,0,6,4
296,0,1,1,4,1,2,0,78,4,2,1,2,1,6,1,3,4,0,2,3
297,0,1,1,1,1,1,1,79,4,1,1,3,0,1,0,3,4,0,3,3
298,0,1,1,3,1,2,0,75,2,1,1,2,1,4,1,4,2,1,3,2
299,0,1,1,3,1,4,1,94,3,1,1,4,1,1,0,4,4,1,3,2
300,0,1,0,2,3,2,1,46,2,2,0,2,1,1,0,3,1,2,2,3
301,0,2,1,3,1,4,0,82,3,3,3,1,0,1,1,3,3,0,2,3
302,0,1,0,4,3,4,1,54,3,1,5,2,1,7,0,3,4,1,2,3
303,1,0,0,2,1,2,1,79,1,2,0,1,0,8,0,3,4,0,6,3
304,0,1,0,4,1,2,1,71,3,2,0,1,1,0,0,3,4,1,2,1
305,1,2,0,3,0,3,1,82,1,4,0,3,1,7,0,3,3,0,3,1
306,0,1,1,3,1,4,0,56,2,1,2,1,2,0,1,3,3,1,4,3
307,0,1,1,3,5,3,0,58,3,5,4,3,2,4,0,3,4,1,3,2
308,1,2,1,3,1,1,1,61,3,3,3,3,2,6,0,3,2,2,5,3
309,1,1,1,4,5,3,1,39,2,1,2,2,2,1,1,4,4,1,2,1
310,0,1,0,3,1,4,1,38,4,3,0,3,1,2,0,3,1,1,3,3
311,0,0,1,3,2,3,1,64,3,1,1,3,2,1,0,3,2,2,2,2
312,0,1,0,4,3,1,0,91,2,2,0,4,1,1,0,3,1,2,3,3
313,0,1,1,2,1,2,1,57,2,2,2,4,1,1,0,3,3,1,3,4
314,0,1,0,4,3,3,0,48,3,3,0,4,1,1,0,3,3,2,3,3
315,0,1,0,4,0,1,0,67,3,2,0,4,1,1,0,3,1,2,2,3
316,0,2,1,4,0,1,1,80,3,2,2,4,1,1,0,3,4,2,2,3
317,0,1,1,1,0,1,1,52,3,2,1,4,0,7,0,3,1,0,2,3
318,0,0,1,4,1,3,1,90,1,2,3,3,1,0,0,3,4,1,2,3
319,1,1,1,2,1,4,0,66,3,2,6,2,1,4,0,4,4,1,2,4
320,0,1,1,4,1,4,1,97,4,1,1,4,1,0,1,3,1,3,3,3
321,0,1,0,2,3,3,1,94,2,3,0,1,2,2,0,3,1,1,2,3
322,0,1,1,3,0,4,1,45,3,1,1,4,0,5,1,3,3,0,3,3
323,1,1,1,2,5,4,1,92,2,1,2,3,0,6,1,3,2,0,3,3
324,0,1,1,4,0,4,1,84,2,2,3,1,1,6,0,3,2,1,3,3
325,0,1,2,2,0,4,0,44,3,1,8,1,0,6,0,3,3,0,3,4
326,0,1,0,4,0,3,0,96,3,2,0,3,2,8,0,3,3,1,2,3
327,0,2,1,3,0,4,0,33,3,2,6,4,1,4,0,3,2,1,2,2
328,0,1,1,2,5,4,0,40,2,1,2,3,1,1,0,3,2,1,3,3
329,1,1,1,3,1,4,1,70,3,1,2,1,1,7,1,4,4,0,2,1
330,0,2,1,2,0,4,1,32,3,3,3,1,2,1,0,4,3,2,4,2
331,1,0,0,3,0,2,0,100,4,4,0,2,0,4,1,3,4,0,2,2
332,0,1,1,4,0,3,1,60,1,1,2,3,2,1,0,3,3,1,4,3
333,0,1,1,3,0,2,1,89,3,2,2,3,2,1,0,3,1,1,2,3
334,0,2,0,2,0,2,1,44,3,2,0,4,0,1,0,3,1,0,3,2
335,0,0,1,3,0,3,0,55,1,2,2,4,1,0,0,3,1,3,6,3
336,1,1,1,3,2,4,0,88,3,1,1,1,0,5,1,3,3,0,5,3
337,0,1,1,1,0,3,1,96,1,2,3,2,1,1,0,3,2,2,2,2
338,0,1,1,4,0,4,0,40,2,4,4,1,1,7,0,3,1,1,3,1
339,0,1,1,1,5,4,1,57,3,1,2,3,2,6,1,3,3,1,2,2
340,0,1,0,3,3,1,1,32,3,3,0,4,0,1,0,4,1,0,3,2
341,0,1,1,4,1,2,1,48,3,2,1,3,0,1,0,3,2,0,5,3
342,0,2,0,4,5,4,1,54,3,2,0,1,0,7,0,3,4,0,3,3
343,0,2,1,1,2,3,1,60,2,2,3,1,1,5,0,3,3,1,1,3
344,0,1,1,3,0,4,1,38,1,1,2,3,1,3,0,4,3,2,2,3
345,0,1,1,1,1,3,1,97,3,1,1,4,0,1,0,3,3,0,2,3
346,0,1,1,4,1,3,1,46,3,5,7,4,2,7,1,3,3,1,3,3
347,0,1,0,3,3,4,0,52,3,2,0,1,1,2,0,3,4,1,4,3
348,0,1,0,2,3,3,0,35,3,2,0,4,1,0,1,4,1,1,2,3
349,0,1,0,3,1,3,1,46,3,2,0,4,0,1,0,3,1,0,4,3
350,0,0,1,4,0,2,0,47,3,2,2,2,1,7,0,3,3,1,3,3
351,0,1,1,1,0,3,1,66,3,1,1,3,1,0,1,3,4,0,3,3
352,0,1,1,4,1,3,0,96,3,1,2,3,2,7,0,3,3,3,1,3
353,0,1,1,5,1,3,0,50,1,2,2,1,0,1,1,3,1,0,3,3
354,0,2,1,1,1,3,1,66,3,1,1,3,1,0,0,3,2,1,0,2
355,1,2,1,1,2,3,1,99,2,1,2,3,0,5,0,3,3,0,3,3
356,0,1,2,3,4,3,1,36,3,1,8,2,1,4,0,3,2,1,2,3
357,0,1,2,4,0,3,0,31,3,3,8,4,0,1,1,3,3,0,2,3
358,0,2,1,4,0,3,0,33,3,1,2,4,0,0,0,3,1,0,5,3
359,0,1,1,3,0,4,1,85,3,4,7,4,1,3,0,3,1,0,2,3
360,0,1,0,4,3,4,0,77,3,2,0,3,2,1,1,3,4,1,2,4
361,0,1,2,3,0,3,1,84,3,4,4,2,2,1,1,3,2,1,2,3
362,1,1,1,4,0,4,1,31,3,5,7,2,0,7,1,3,4,0,2,3
363,1,2,1,4,0,3,1,48,2,1,1,4,1,0,1,3,2,1,5,3
364,0,2,1,3,0,3,0,84,3,2,3,2,2,1,0,4,1,1,6,1
365,1,2,0,4,3,4,0,67,3,2,0,3,1,0,1,3,3,1,0,2
366,0,1,1,3,0,4,0,95,3,1,2,1,2,1,0,3,3,1,2,2
367,0,2,1,3,1,3,0,46,3,2,2,2,2,4,0,3,3,2,2,4
368,0,1,1,4,0,1,0,60,2,4,3,2,1,0,0,4,3,1,3,3
369,0,1,0,1,2,3,1,49,3,1,5,3,0,1,0,3,3,0,2,3
370,0,1,1,1,0,2,1,33,3,1,1,4,1,1,0,3,2,1,2,2
371,0,1,1,2,1,4,1,75,3,3,3,3,2,6,0,3,2,1,3,3
372,0,1,1,4,0,2,1,81,2,3,7,2,1,5,0,3,4,2,5,1
373,0,1,1,4,0,3,0,42,3,2,2,3,0,7,0,3,3,0,3,3
374,0,1,1,3,1,2,1,86,3,2,2,3,1,4,0,3,1,2,1,3
375,0,1,0,3,3,1,1,73,3,4,0,4,1,5,0,3,3,1,3,3
376,0,1,2,4,4,3,1,71,4,5,4,2,1,4,1,3,1,1,0,3
377,0,2,0,1,0,4,1,43,1,2,0,4,0,3,0,4,2,0,3,3
378,1,0,1,3,1,1,0,96,2,1,1,2,0,1,1,4,2,0,2,4
379,0,1,1,2,1,2,0,43,2,5,7,3,2,5,1,3,4,1,2,2
380,0,2,0,2,0,3,1,42,2,2,0,4,1,1,1,3,3,1,2,3
381,0,1,1,2,5,1,1,54,2,2,2,4,0,4,0,3,4,0,3,3
382,0,2,1,4,0,1,1,77,4,2,3,3,1,4,0,3,4,1,1,3
383,0,1,0,3,2,2,1,100,4,2,0,4,1,4,0,3,2,1,3,2
384,0,1,1,1,2,3,1,100,3,1,2,4,1,0,0,3,3,1,2,3
385,0,1,0,4,0,2,0,47,4,4,4,2,2,6,0,3,3,3,2,3
386,1,2,0,4,0,2,0,50,1,1,5,3,0,1,0,3,2,0,3,3
387,1,1,1,4,1,1,1,84,1,1,1,4,1,5,1,3,4,0,4,2
388,0,2,0,2,0,2,1,48,3,2,0,2,1,1,0,3,4,1,3,3
389,0,2,1,4,0,3,1,80,3,2,6,3,1,1,1,3,4,2,2,4
390,0,0,1,2,0,2,1,85,4,2,6,1,2,1,0,3,4,2,2,3
391,0,1,0,3,0,1,1,76,3,3,0,3,2,0,0,3,3,2,6,2
392,0,1,1,4,1,3,0,39,3,3,3,4,0,1,1,3,3,0,2,2
393,0,1,2,3,0,3,0,44,3,1,8,4,2,4,1,3,1,3,2,3
394,0,1,0,3,1,3,0,31,3,1,5,3,0,1,0,3,1,0,3,3
395,0,0,1,4,0,4,0,61,3,2,6,1,2,2,0,3,1,1,2,4
396,0,2,1,1,0,4,1,45,2,2,3,3,1,1,0,3,3,0,2,2
397,0,1,1,3,0,3,0,84,3,3,3,4,0,6,1,3,4,0,2,2
398,0,1,0,3,3,3,0,86,3,2,0,1,0,0,1,3,4,0,3,3
399,0,1,1,3,1,1,1,84,4,1,2,2,1,0,0,3,3,1,5,3
400,0,1,0,3,2,2,0,84,2,2,0,2,2,7,0,3,2,1,2,4
401,1,1,1,3,1,1,0,73,3,3,6,4,1,1,0,3,4,1,2,3
402,0,1,1,3,0,1,1,64,3,1,2,4,1,4,0,3,2,0,5,3
403,0,0,1,1,1,3,1,40,2,4,4,1,0,7,0,3,2,0,3,4
404,0,1,0,4,3,4,1,66,2,2,0,3,2,4,0,3,4,2,2,3
405,1,2,0,2,3,4,0,33,1,1,5,3,2,0,0,3,4,1,3,2
406,1,1,1,3,0,1,1,89,3,1,2,1,1,4,0,3,3,0,4,4
407,0,1,1,3,5,3,1,36,3,3,3,3,1,1,0,3,3,1,2,3
408,0,0,0,2,1,1,1,32,3,3,0,2,0,1,1,3,4,0,2,3
409,0,1,0,4,0,4,0,47,2,2,0,3,1,4,0,3,3,1,1,4
410,0,1,1,4,5,4,1,32,3,2,1,4,0,1,0,4,2,0,3,3
411,0,1,1,3,5,4,1,67,2,1,2,1,2,1,0,3,1,2,3,3
412,0,1,0,4,2,2,0,63,2,2,0,3,1,1,1,3,1,1,4,3
413,0,2,1,1,0,4,1,77,4,2,3,3,2,1,0,3,3,2,6,3
414,0,2,1,3,0,4,0,77,2,1,1,1,1,0,0,3,4,1,2,2
415,0,1,1,3,1,1,1,60,3,1,1,4,1,0,0,3,2,1,5,3
416,0,1,0,4,1,2,1,87,3,2,0,3,0,1,0,3,1,0,0,3
417,0,1,0,3,3,4,1,83,3,1,5,2,2,1,0,3,4,2,2,3
418,0,2,1,2,1,3,0,38,4,2,6,2,1,1,0,4,4,1,2,3
419,0,1,0,1,0,2,1,77,3,2,0,4,0,4,1,3,3,0,2,4
420,0,1,1,2,1,3,0,91,4,2,1,3,1,5,0,3,3,1,3,2
421,0,1,0,2,1,2,0,62,3,2,0,3,1,1,0,3,1,1,5,2
422,0,2,1,5,1,3,1,89,2,4,4,4,1,2,0,4,2,1,3,3
423,0,1,1,4,0,4,1,88,3,2,3,3,1,9,0,3,2,0,3,3
424,0,1,0,4,3,1,1,84,3,2,0,1,0,8,0,3,4,0,1,3
425,1,2,2,3,4,3,0,66,2,1,8,4,2,6,0,3,3,1,0,2
426,0,1,1,4,0,3,1,32,3,1,1,4,2,0,1,3,2,1,2,1
427,0,1,1,3,2,3,0,89,4,1,1,3,1,0,0,3,4,0,5,2
428,0,1,1,3,1,2,1,42,3,1,1,4,0,6,1,3,3,0,2,3
429,0,1,1,4,1,4,1,97,3,3,6,1,2,7,0,3,3,1,3,3
430,0,1,1,3,0,2,1,46,4,2,2,3,1,1,0,3,4,2,3,2
431,0,2,0,3,3,2,0,43,3,3,0,4,0,1,0,3,4,0,2,3
432,0,1,1,1,1,2,1,79,2,2,3,4,1,1,1,3,3,1,2,2
433,0,1,1,2,1,4,1,35,3,4,4,1,1,0,0,3,4,1,3,3
434,0,0,1,2,1,2,1,59,2,1,2,3,2,1,0,3,3,3,2,2
435,0,0,1,2,0,4,1,42,3,2,2,1,1,1,1,3,3,1,2,3
436,0,1,1,2,0,3,1,65,2,4,7,3,1,1,0,4,1,1,3,3
437,0,2,1,2,1,4,0,59,4,4,3,3,1,2,1,3,2,1,3,2
438,0,1,1,3,1,4,0,93,3,3,3,2,2,0,0,3,2,3,3,2
439,0,1,0,4,0,3,0,79,3,5,4,3,1,0,0,3,4,0,2,3
440,0,2,1,3,1,2,1,79,3,1,1,1,1,4,0,3,4,1,2,2
441,0,1,1,3,2,4,1,84,3,1,1,1,0,2,0,3,2,0,2,2
442,0,1,0,3,3,3,1,59,3,5,4,3,1,4,1,3,3,1,2,3
443,0,1,0,3,0,1,0,99,3,3,0,1,0,7,0,3,4,0,3,2
444,0,0,0,4,3,3,1,100,3,2,0,4,1,0,0,3,1,0,2,3
445,0,1,1,4,0,4,0,74,2,2,1,1,2,8,1,4,1,3,2,3
446,1,1,1,4,0,3,1,96,3,1,1,3,0,1,1,3,3,0,4,3
447,0,1,0,1,0,1,1,93,4,2,0,3,1,2,0,3,2,0,3,2
448,0,1,0,4,0,1,1,44,2,2,0,4,1,3,1,3,4,2,2,4
449,0,1,0,3,1,2,0,78,3,1,5,2,1,1,0,3,4,1,3,3
450,0,1,1,3,1,1,0,43,3,1,1,2,1,1,0,3,4,1,1,3
451,0,1,1,3,1,2,0,39,1,2,3,1,2,0,0,4,2,1,5,2
452,0,1,1,2,1,3,1,76,2,2,2,3,2,0,0,3,4,1,3,3
453,0,1,1,3,1,3,1,86,2,1,2,3,1,2,0,3,4,1,2,2
454,0,1,1,2,1,1,1,85,2,5,4,3,1,2,0,3,3,1,2,4
455,0,1,0,2,3,4,1,45,3,2,0,4,2,2,0,3,4,1,2,3
456,0,1,0,3,1,3,1,56,4,2,0,4,1,1,0,3,3,2,4,4
457,0,1,1,2,0,2,0,93,2,2,3,4,1,0,0,3,4,2,2,2
458,0,0,1,4,5,1,0,62,2,2,6,3,0,2,1,3,1,0,3,3
459,0,0,0,2,3,4,0,45,3,2,0,3,1,1,0,3,4,1,2,2
460,0,1,1,1,0,3,1,68,3,2,6,4,1,0,1,3,1,1,2,2
461,0,1,1,1,0,1,0,72,4,1,1,4,1,1,0,3,4,1,5,3
462,0,1,2,3,4,3,0,44,4,2,8,2,1,9,0,3,3,1,3,1
463,0,2,0,3,3,3,0,77,3,4,0,2,1,5,0,3,4,1,2,4
464,0,1,1,4,2,1,1,61,3,3,6,4,1,4,0,4,4,1,6,3
465,0,2,1,4,0,1,1,87,3,4,7,3,1,2,1,3,2,0,3,3
466,1,1,2,3,4,1,1,56,2,1,8,1,2,4,1,3,4,3,3,3
467,1,1,0,2,3,1,1,86,2,1,5,3,1,1,1,3,3,0,2,3
468,0,1,1,2,1,1,1,59,2,1,2,1,1,1,0,3,1,2,2,3
469,0,1,1,2,1,4,1,32,4,2,3,4,1,1,0,3,2,0,2,3
470,0,1,0,3,3,3,0,94,2,3,0,4,1,2,1,3,3,1,3,3
471,0,1,1,4,1,2,1,62,3,5,7,3,1,2,1,3,4,1,2,2
472,0,1,1,3,0,4,1,54,3,3,3,4,0,1,0,3,3,0,2,3
473,0,1,1,3,0,3,1,90,3,1,1,4,0,0,0,3,1,0,2,4
474,0,1,1,2,1,4,0,58,1,5,4,3,1,4,0,3,4,1,5,3
475,1,1,1,3,1,4,1,78,3,5,4,1,1,5,1,3,4,1,2,3
476,0,1,1,4,0,2,1,88,2,4,4,3,1,0,0,3,2,1,2,3
477,0,1,1,3,0,3,0,43,3,3,6,1,1,8,0,3,1,1,1,2
478,0,1,0,2,0,4,1,80,3,3,0,3,0,3,1,3,4,0,2,3
479,0,1,0,4,3,1,0,66,3,4,4,3,1,2,0,3,3,1,2,2
480,0,2,0,3,0,4,1,47,2,2,0,4,1,3,0,3,3,1,5,3
481,1,1,0,2,1,4,0,41,3,2,0,3,1,4,1,3,1,0,3,2
482,0,2,1,1,1,1,0,66,2,1,1,3,2,1,0,3,3,2,5,3
483,0,2,1,4,1,4,1,44,3,1,2,3,0,0,1,3,3,0,2,2
484,0,1,0,2,5,3,1,62,3,3,0,3,2,5,0,3,1,1,2,4
485,0,2,1,3,0,1,1,56,3,1,1,3,1,6,0,3,1,1,3,2
486,1,2,1,3,1,2,1,89,3,1,2,1,0,2,1,3,3,0,2,2
487,0,1,1,2,2,4,0,48,2,4,7,2,0,1,0,3,3,0,2,3
488,0,0,0,2,3,3,0,78,2,3,0,4,1,4,1,3,2,1,6,2
489,1,2,2,4,0,2,0,58,3,1,8,3,2,0,1,3,2,1,2,2
490,1,2,1,1,0,2,0,72,1,1,1,1,0,1,1,4,2,0,5,3
491,1,1,1,3,0,1,1,73,3,1,2,1,0,3,1,3,2,0,3,1
492,0,2,0,2,1,3,0,54,3,1,5,4,1,5,0,3,2,1,3,3
493,0,1,0,2,2,2,1,66,3,3,4,4,1,3,1,3,3,1,1,1
494,0,1,1,4,0,4,1,56,2,2,3,4,0,8,0,4,2,0,1,3
495,1,2,1,3,2,3,1,40,3,1,1,4,0,9,1,4,3,0,4,3
496,0,2,0,3,1,4,1,54,3,2,0,1,1,0,0,3,1,2,2,3
497,0,1,1,5,0,1,0,44,3,4,7,4,0,2,0,3,2,0,2,3
498,1,0,0,3,3,1,1,67,4,2,0,4,0,8,1,3,2,0,3,2
499,1,1,1,3,1,3,1,58,3,1,2,4,1,5,1,3,3,1,2,1
500,0,1,0,2,3,1,1,66,3,2,0,2,1,1,0,4,4,2,5,4
501,0,1,1,4,1,2,0,95,3,3,4,1,1,1,1,4,4,2,2,3
502,0,0,1,1,2,4,1,41,3,2,3,3,1,1,0,3,1,1,1,3
503,0,1,0,4,1,1,1,66,4,2,0,4,2,4,0,4,4,2,4,4
504,0,1,1,4,0,3,1,94,3,1,2,1,1,2,0,4,4,1,2,3
505,0,1,1,3,0,1,1,89,3,2,6,1,1,0,0,3,1,1,5,2
506,0,0,1,3,1,1,1,49,1,1,2,3,0,2,0,3,3,0,5,3
507,0,2,1,2,0,3,1,60,3,3,3,4,0,2,0,3,3,0,2,3
508,0,1,0,2,1,2,1,61,2,3,0,3,1,1,0,3,2,2,2,3
509,1,2,0,3,3,4,1,33,3,1,5,1,1,1,0,3,1,1,3,2
510,0,1,0,2,0,4,0,83,3,2,0,4,0,1,1,3,3,0,0,3
511,0,1,1,3,2,4,1,45,4,1,1,3,1,2,0,3,4,1,2,3
512,1,2,1,5,0,3,0,100,4,3,3,2,0,1,0,3,1,0,2,3
513,0,1,1,3,0,1,0,41,3,5,4,1,1,5,0,3,4,0,5,1
514,0,1,1,2,1,2,0,31,3,2,3,1,1,1,0,3,2,1,5,1
515,0,0,0,2,3,3,1,95,3,2,0,2,1,0,0,3,1,1,2,4
516,0,1,1,4,1,4,1,43,3,1,2,3,1,7,1,3,3,1,3,3
517,0,2,2,5,4,1,1,37,3,2,8,4,1,4,1,3,3,0,3,3
518,0,1,0,4,3,2,1,77,3,4,0,1,0,0,0,3,1,0,3,3
519,0,1,1,4,0,4,0,72,3,4,7,4,0,6,0,3,3,0,0,3
520,0,0,1,4,1,3,0,30,3,2,3,3,1,2,0,3,3,0,2,4
521,0,1,1,1,1,1,1,36,2,1,1,4,0,0,0,3,4,0,2,3
522,0,1,1,1,2,4,1,84,2,2,2,1,0,4,0,3,4,0,5,3
523,0,0,1,4,0,1,1,98,3,4,4,1,2,1,0,3,4,1,3,3
524,1,2,1,2,0,4,1,73,2,1,1,4,0,1,1,4,2,0,3,2
525,0,1,1,3,1,2,0,71,3,1,1,2,1,1,0,3,1,1,2,1
526,0,1,1,3,0,3,0,96,4,3,6,4,1,1,1,3,2,1,2,3
527,1,0,1,4,2,4,1,85,1,1,1,1,1,1,1,4,2,1,2,3
528,0,1,0,2,1,3,0,66,3,2,0,1,0,1,0,3,4,0,6,4
529,0,1,0,2,3,3,1,33,2,2,0,2,1,2,0,3,3,2,1,1
530,0,1,1,3,1,2,1,60,1,2,6,4,1,3,1,3,3,1,2,3
531,1,2,1,3,2,3,1,38,2,1,1,3,1,9,1,3,4,1,4,3
532,0,1,1,3,0,4,1,47,3,1,2,4,1,0,0,3,3,1,4,3
533,0,1,0,2,0,1,1,70,3,3,0,4,1,3,0,3,4,1,4,3
534,1,2,0,4,0,2,1,94,3,2,0,3,2,7,0,3,4,2,3,3
535,0,1,0,3,0,3,1,48,2,2,0,1,1,1,0,3,3,1,0,3
536,0,1,0,3,3,4,0,30,2,2,0,3,2,1,0,3,3,3,2,3
537,0,1,0,4,0,4,0,88,2,2,0,4,2,2,1,3,3,3,5,3
538,1,2,1,3,0,2,1,94,3,1,2,4,1,6,1,3,3,1,2,1
539,1,1,1,1,1,4,1,32,3,1,1,3,0,1,1,3,4,0,5,3
540,0,2,0,3,0,3,1,55,3,2,0,1,0,0,0,3,4,0,5,3
541,0,1,1,1,1,2,1,87,3,1,2,1,0,1,1,3,4,0,3,3
542,0,1,1,1,1,2,0,79,3,1,2,2,0,1,0,3,4,0,3,3
543,0,1,0,4,0,2,0,98,2,1,5,3,1,0,0,4,1,2,5,3
544,0,1,1,1,1,3,1,80,3,1,1,4,1,1,0,4,1,2,6,3
545,1,2,2,3,4,1,0,58,2,1,8,2,1,1,0,3,1,0,2,3
546,0,1,1,3,1,1,0,81,2,5,4,3,1,7,0,3,4,0,2,3
547,1,1,0,1,2,1,0,62,3,1,5,2,0,1,1,3,2,0,4,3
548,0,1,0,3,1,3,0,86,3,2,0,3,1,1,0,3,2,0,3,3
549,1,1,2,2,1,2,1,91,2,3,8,1,1,9,0,3,4,1,1,3
550,0,1,1,5,1,2,1,76,3,2,3,1,1,2,0,3,4,3,3,3
551,1,1,0,4,1,1,0,40,2,2,0,2,0,0,1,4,3,0,2,4
552,0,1,1,4,1,2,1,93,2,3,7,3,1,1,0,3,3,0,2,3
553,0,1,1,3,1,2,0,59,3,1,2,4,0,1,0,3,3,0,5,3
554,0,1,0,4,3,4,1,42,3,2,0,1,0,2,0,3,4,0,2,3
555,0,0,1,3,0,4,1,87,3,5,4,4,0,2,0,3,3,0,3,2
556,0,1,1,5,1,2,1,90,4,1,1,3,1,2,1,3,1,0,5,2
557,0,1,1,3,0,1,1,51,3,5,7,3,0,7,0,3,3,0,5,3
558,0,1,1,3,0,3,0,52,3,2,6,4,2,4,0,3,4,1,3,3
559,0,2,1,3,0,4,0,61,3,1,1,2,2,0,0,3,4,2,2,2
560,1,1,1,4,0,2,0,57,1,1,2,4,2,4,1,3,3,1,1,2
561,0,1,0,3,2,3,0,31,3,1,5,3,2,1,1,3,4,2,3,3
562,1,1,1,4,1,3,1,46,3,1,1,3,0,6,0,3,4,0,3,2
563,0,1,0,1,2,3,1,72,3,1,5,2,1,1,0,3,1,1,3,3
564,0,1,1,1,1,3,1,65,3,3,7,3,0,7,0,4,3,0,3,3
565,0,1,1,4,1,3,0,98,3,1,1,3,1,2,0,3,2,3,2,3
566,0,1,1,3,0,4,1,46,1,1,2,3,0,0,0,3,3,0,2,3
567,0,1,0,3,5,4,1,60,3,2,0,4,0,1,0,4,3,0,5,3
568,0,2,0,1,3,3,1,84,3,2,0,4,1,0,0,3,2,1,3,3
569,0,1,2,2,1,2,1,63,2,1,8,4,2,1,0,3,4,1,6,3
570,0,1,1,3,0,3,0,92,2,3,3,2,2,8,1,3,3,1,4,3
571,0,1,0,4,1,3,1,98,3,2,0,4,1,4,0,3,2,1,5,4
572,0,1,0,2,3,2,0,92,3,2,0,2,1,3,0,3,3,1,4,3
573,0,1,0,5,0,1,1,41,4,3,0,3,0,0,0,3,4,0,3,3
574,0,1,0,3,0,1,1,59,2,1,5,1,0,4,0,3,1,0,3,2
575,0,1,1,2,1,2,1,84,3,2,3,2,2,6,0,4,4,2,0,3
576,0,1,1,4,0,3,0,93,3,1,1,4,2,4,0,4,1,1,1,3
577,0,1,1,5,0,2,1,42,3,1,1,4,1,1,0,3,4,1,4,2
578,0,1,1,4,5,1,1,98,2,2,6,4,0,3,0,4,2,0,6,3
579,0,1,1,3,2,3,0,59,3,3,6,3,2,1,0,3,2,3,2,3
580,0,1,1,4,0,2,0,82,2,1,1,1,1,9,1,3,4,1,3,4
581,0,1,1,3,1,3,0,77,3,1,1,3,2,5,0,3,2,1,2,3
582,0,1,1,1,0,3,0,65,2,3,6,3,1,0,0,3,1,1,4,2
583,1,2,1,4,0,4,1,93,3,2,2,1,1,4,0,3,3,1,3,2
584,0,1,0,1,3,4,0,39,2,2,0,2,2,1,1,3,1,2,2,3
585,0,1,0,2,0,3,0,56,3,1,5,2,1,2,0,3,1,1,5,3
586,0,0,0,4,0,1,0,32,1,2,0,3,1,6,0,3,3,1,1,3
587,0,2,1,4,0,4,0,53,3,3,3,3,2,7,0,3,1,1,2,1
588,0,1,0,2,0,1,1,54,3,1,5,3,1,0,0,3,3,1,1,3
589,0,1,1,2,0,3,1,53,3,1,1,4,0,1,1,4,2,0,2,2
590,0,0,1,4,0,3,1,40,2,1,1,4,1,3,0,3,4,3,2,3
591,0,0,1,2,5,1,0,96,4,2,3,3,2,0,0,3,4,1,5,2
592,0,1,1,1,0,1,1,67,2,1,1,2,1,0,0,3,1,0,2,1
593,0,2,1,4,1,4,1,43,3,1,1,3,2,1,1,3,4,1,4,4
594,0,1,1,1,1,3,0,53,2,1,1,1,0,1,0,3,4,0,3,2
595,0,1,1,3,0,4,0,96,3,1,1,3,1,4,0,3,2,1,3,3
596,0,2,0,1,0,2,1,61,3,2,0,4,1,6,0,3,1,0,2,4
597,0,1,1,2,2,3,1,58,3,5,4,4,1,1,0,3,4,0,3,3
598,0,1,1,1,0,4,1,93,1,2,6,3,2,8,0,3,4,2,3,3
599,0,1,0,4,3,2,0,56,3,2,0,2,1,1,0,3,1,1,3,3
600,0,1,1,3,0,2,1,98,3,2,3,2,1,1,0,3,4,1,3,2
601,0,1,1,3,1,2,0,99,1,3,7,3,1,3,0,3,1,1,3,3
602,0,0,1,4,2,2,1,65,3,1,1,2,0,2,0,3,2,0,3,3
603,0,2,1,3,0,4,1,70,4,2,6,3,0,8,1,3,4,0,5,4
604,0,1,1,3,2,4,1,54,3,2,3,4,1,3,0,3,1,1,3,1
605,1,1,0,4,3,1,0,77,3,2,0,1,0,0,1,3,1,0,3,3
606,0,1,0,3,1,3,0,98,4,1,5,4,1,8,0,3,2,1,4,3
607,1,1,0,2,0,1,1,68,2,1,5,1,1,3,0,3,1,0,2,3
608,0,1,1,3,1,1,0,73,2,2,1,3,0,1,1,3,1,0,3,1
609,0,1,1,1,1,4,1,74,4,1,2,3,1,1,1,3,3,3,3,3
610,0,1,1,1,0,2,0,53,3,1,1,4,0,3,0,3,1,0,4,3
611,0,1,0,2,0,3,0,30,3,2,0,1,2,4,1,3,1,1,3,4
612,0,0,1,1,1,3,0,98,3,3,7,2,1,0,0,3,1,2,3,1
613,0,1,1,2,5,4,1,78,3,1,2,4,0,1,0,3,3,0,6,4
614,0,1,1,3,0,1,0,80,2,3,3,3,1,1,0,3,4,2,2,3
615,0,1,0,1,0,4,1,54,3,1,5,1,0,1,0,3,1,0,3,3
616,0,0,0,3,1,4,0,57,2,3,0,4,0,6,0,3,4,0,2,3
617,0,1,0,3,3,3,1,72,2,2,0,3,1,1,0,3,1,1,3,3
618,0,1,1,3,0,3,0,89,2,1,2,4,0,7,0,3,2,0,3,2
619,0,1,1,3,0,4,1,54,3,1,1,4,0,9,0,3,4,0,4,3
620,0,2,1,3,2,4,0,73,3,2,2,3,1,1,0,3,1,1,2,4
621,0,2,1,1,2,1,0,32,3,1,1,4,0,1,1,3,3,0,2,3
622,0,1,1,3,0,4,1,49,1,3,3,4,0,4,0,3,1,0,3,2
623,0,1,1,3,1,3,1,64,3,4,7,3,1,5,0,3,4,0,3,3
624,0,1,0,3,0,3,1,64,3,3,0,4,1,2,1,3,4,3,3,3
625,1,2,1,3,1,3,1,57,4,1,1,3,2,6,1,3,4,0,2,3
626,0,1,0,3,1,4,1,84,3,2,0,1,0,0,0,3,4,0,4,3
627,0,1,1,3,1,1,0,94,3,1,2,3,0,4,0,3,1,0,6,3
628,0,1,1,3,0,2,0,35,2,1,1,4,1,1,0,3,2,0,3,3
629,0,1,0,2,3,1,0,78,2,3,0,4,1,7,1,3,4,1,3,3
630,0,1,1,3,2,1,1,74,3,1,1,4,1,7,0,3,3,1,2,2
631,1,1,1,1,5,4,0,65,3,1,1,4,0,1,0,3,1,0,3,2
632,0,2,1,1,0,3,0,96,3,2,3,1,1,1,0,3,3,1,1,3
633,1,1,1,5,2,3,0,78,2,3,3,4,1,0,0,3,2,1,4,3
634,1,1,1,3,1,4,1,79,2,1,1,3,1,0,1,3,1,1,0,2
635,0,1,0,2,1,3,0,68,2,2,0,3,0,7,0,3,1,0,6,3
636,0,2,1,1,0,4,0,97,3,1,2,2,1,0,0,3,3,3,3,3
637,0,0,0,4,3,3,0,72,3,2,0,3,1,9,0,3,1,1,3,3
638,0,0,1,4,1,4,0,69,3,1,2,3,0,9,0,3,2,0,2,3
639,0,1,1,3,0,4,1,76,2,5,7,4,0,6,0,3,3,0,3,4
640,0,1,1,4,0,4,1,58,2,5,7,3,2,1,1,3,3,1,5,3
641,0,1,1,3,1,3,1,78,3,1,2,4,0,4,0,3,4,0,3,3
642,0,1,1,3,2,4,1,87,4,1,2,2,2,5,0,3,3,1,0,3
643,0,2,1,2,1,4,1,30,3,1,2,2,0,4,0,3,3,0,3,2
644,0,1,1,2,1,3,1,99,3,2,2,4,1,8,1,3,3,1,2,4
645,0,1,1,2,1,4,0,95,3,1,1,2,0,2,0,3,4,0,3,3
646,0,1,1,2,1,4,0,42,3,2,3,3,0,6,0,3,2,0,6,3
647,0,2,1,3,0,4,1,91,2,4,4,1,2,4,0,3,2,1,2,2
648,0,0,1,3,0,4,1,61,3,1,2,4,2,0,0,3,2,1,2,3
649,0,1,1,2,0,3,1,36,3,2,1,1,2,2,0,3,1,2,2,2
650,0,1,1,3,0,3,0,85,3,1,1,2,0,1,1,3,2,0,2,2
651,0,0,1,4,1,4,1,41,3,1,1,4,1,0,0,3,1,1,3,3
652,0,1,1,2,0,1,0,81,2,3,7,2,1,3,0,3,3,1,2,3
653,0,0,1,3,1,3,1,66,3,2,2,1,2,1,0,3,3,2,4,3
654,0,2,1,4,0,3,0,100,2,1,1,4,0,1,0,3,3,0,3,3
655,1,1,1,3,0,1,0,34,2,1,1,2,0,1,0,3,3,0,3,4
656,1,0,1,2,2,2,1,72,2,3,6,1,0,1,0,3,1,0,2,2
657,0,1,1,3,0,3,0,81,3,3,3,3,0,4,1,3,4,0,4,4
658,0,1,2,3,4,3,1,48,3,2,8,4,1,0,1,3,4,0,2,1
659,1,1,0,2,3,2,0,70,3,1,5,2,0,1,1,4,4,0,5,2
660,0,1,1,4,0,1,1,98,3,4,4,1,2,2,0,3,1,1,3,3
661,0,1,1,4,5,4,1,41,3,2,6,4,1,2,1,3,4,0,5,4
662,0,1,1,4,2,4,0,92,3,5,4,1,2,4,0,3,4,1,2,3
663,0,1,1,4,0,3,1,49,3,2,2,3,2,1,0,3,1,3,4,2
664,0,0,0,1,0,3,0,76,3,1,5,1,2,1,0,3,3,3,3,3
665,0,0,1,2,0,3,1,100,2,2,6,4,2,5,0,3,4,1,2,4
666,0,1,1,1,5,3,0,39,1,2,6,1,1,3,0,3,3,1,3,3
667,0,1,1,1,1,1,0,62,2,1,2,4,2,6,0,3,3,3,5,3
668,0,1,1,1,1,4,1,67,3,1,2,4,1,3,0,3,3,3,6,2
669,0,1,2,3,0,1,1,77,2,1,8,1,1,0,0,4,3,0,3,3
670,0,1,0,2,3,2,0,92,3,3,0,1,2,1,0,4,3,3,2,3
671,1,1,1,1,0,2,0,34,3,2,3,3,1,0,1,3,1,1,3,4
672,0,1,1,3,0,1,0,55,3,2,3,2,2,4,0,4,3,1,2,4
673,0,1,0,4,3,1,0,99,3,2,0,2,0,3,1,3,4,0,3,3
674,0,1,0,3,3,2,1,98,2,1,5,2,1,0,0,3,4,1,3,3
675,0,1,1,3,1,3,1,94,3,2,6,3,1,6,0,3,2,2,3,2
676,0,1,0,3,3,3,1,96,3,2,0,1,2,4,0,3,1,3,3,3
677,0,1,1,3,1,1,0,64,3,3,3,3,0,9,0,3,2,0,3,3
678,0,1,0,4,0,2,1,42,3,2,0,4,0,8,1,3,3,0,1,3
679,0,1,1,4,0,1,0,53,3,3,7,2,0,0,0,3,3,0,4,3
680,1,2,1,3,1,3,1,72,3,1,2,3,1,1,0,3,3,1,5,2
681,0,1,1,4,0,4,1,48,3,1,1,4,1,3,1,3,2,1,2,3
682,1,1,0,1,3,1,0,57,1,5,4,4,1,1,0,3,4,1,3,3
683,1,1,1,2,0,1,0,39,3,1,2,1,1,7,0,4,1,0,3,4
684,0,1,1,4,5,4,1,41,3,2,1,4,2,8,0,3,2,3,2,3
685,0,1,2,3,0,3,1,46,3,1,8,3,2,0,0,4,1,1,3,4
686,1,0,1,2,0,1,1,95,2,1,1,1,2,6,0,3,1,1,2,1
687,1,1,0,3,1,2,0,48,2,1,5,3,2,6,1,3,3,3,3,3
688,0,2,0,3,3,4,0,84,3,1,5,2,2,1,0,3,3,1,5,2
689,0,1,1,3,0,2,0,57,4,1,1,4,0,1,1,3,4,0,2,3
690,0,1,1,2,0,3,1,81,4,1,1,3,1,1,0,4,3,1,3,3
691,0,1,1,5,0,3,1,43,3,1,1,3,0,3,0,4,1,0,2,3
692,0,1,0,1,0,3,1,96,3,3,0,3,2,3,1,3,3,1,2,3
693,0,2,0,3,0,3,0,42,4,2,0,1,1,2,0,3,1,2,3,3
694,0,1,0,2,5,1,0,33,3,2,0,3,1,0,0,4,1,1,2,2
695,0,0,0,3,5,3,1,58,1,3,0,1,2,3,0,3,3,1,2,3
696,1,0,1,1,1,3,1,80,3,1,2,3,0,1,0,3,4,0,0,3
697,0,1,1,4,0,2,1,69,3,1,2,3,1,1,0,3,4,1,2,4
698,1,1,1,3,1,3,1,93,3,1,1,1,0,0,0,3,1,0,2,3
699,1,1,0,3,0,1,0,74,3,3,0,1,0,2,1,4,3,0,2,2
700,0,1,1,3,1,4,1,68,2,1,2,1,0,1,0,3,2,0,3,3
701,0,1,0,3,3,3,0,69,3,4,4,1,1,8,0,4,1,0,2,3
702,0,1,1,4,5,3,0,54,3,1,2,1,1,9,0,3,3,0,2,1
703,0,2,0,2,2,2,0,92,3,3,0,4,1,0,0,3,3,1,6,3
704,0,0,1,4,2,3,1,38,3,1,1,3,1,3,0,4,2,2,1,2
705,0,1,2,4,0,1,0,50,2,2,8,3,0,4,0,3,2,0,1,4
706,1,1,2,2,2,1,1,52,2,1,8,4,0,1,0,3,3,0,3,4
707,0,2,1,3,0,1,1,97,3,3,2,1,2,1,0,3,1,1,2,3
708,0,1,1,1,0,4,0,65,2,4,3,4,1,1,0,3,3,1,3,3
709,0,1,2,2,1,2,1,52,3,1,8,3,1,8,0,3,4,0,2,2
710,0,1,1,4,1,4,0,73,2,1,1,1,0,1,0,3,2,0,3,1
711,0,1,1,4,1,4,1,58,2,1,2,3,1,6,0,3,2,1,2,3
712,0,1,1,2,0,2,1,45,2,2,6,3,0,1,0,3,2,0,2,2
713,0,1,0,2,3,2,1,34,3,2,5,3,1,2,1,4,4,1,3,1
714,0,0,1,4,2,4,1,62,3,2,1,1,1,4,0,3,2,1,3,2
715,0,1,2,1,2,3,1,52,3,1,8,3,2,0,1,3,3,1,5,3
716,0,1,1,4,1,2,1,34,2,2,3,3,1,2,0,3,3,0,2,3
717,0,0,0,3,0,4,0,95,3,2,0,3,1,0,0,3,1,1,3,3
718,0,1,0,1,3,2,0,60,2,4,0,4,1,0,0,3,1,1,2,2
719,0,1,1,4,1,1,0,66,2,1,1,3,2,0,0,3,3,2,5,2
720,0,1,1,2,5,4,1,46,2,2,2,2,1,4,1,3,1,1,2,3
721,0,1,1,3,0,4,1,86,3,2,2,4,0,2,0,3,4,0,4,3
722,0,2,0,3,3,2,1,52,3,3,0,2,1,2,0,3,2,0,5,3
723,0,1,0,3,1,1,0,94,2,3,0,4,1,0,0,3,3,2,2,3
724,1,1,1,3,1,3,1,51,3,1,2,2,1,1,1,3,3,3,3,3
725,1,2,0,3,0,4,0,54,3,1,5,2,0,1,1,3,1,0,2,4
726,0,1,1,4,1,1,0,74,4,2,1,4,0,7,0,3,3,0,0,2
727,0,1,1,2,0,4,1,52,3,5,7,2,1,5,0,3,1,1,2,3
728,1,1,1,2,0,2,0,36,2,1,2,1,1,1,1,3,4,1,1,3
729,0,0,1,3,0,4,0,97,3,1,2,4,0,1,0,3,3,0,5,4
730,0,1,1,3,2,4,1,34,3,2,3,4,2,4,0,3,2,2,2,4
731,1,1,0,2,3,4,0,84,3,2,0,3,0,3,1,3,4,0,0,3
732,0,2,1,4,0,3,1,42,4,2,3,4,2,1,0,3,1,1,3,3
733,0,1,1,5,0,2,1,48,4,2,1,1,1,1,0,3,4,0,2,3
734,0,1,1,3,1,3,1,48,4,3,6,4,2,0,0,3,1,3,5,2
735,0,1,0,1,1,4,1,74,3,1,5,2,1,1,0,4,2,0,5,3
736,0,1,1,3,1,1,1,47,3,2,1,4,1,1,0,3,1,0,2,3
737,0,1,1,2,1,1,1,49,3,5,7,3,2,0,0,3,4,1,5,3
738,0,2,1,1,0,2,1,52,3,5,4,3,2,1,1,3,3,1,3,3
739,0,1,1,2,0,4,1,33,2,2,3,4,1,6,0,4,1,2,2,1
740,0,1,1,3,1,2,0,86,4,1,1,3,1,7,0,3,1,0,0,3
741,1,1,2,5,4,4,1,89,4,1,8,1,1,0,0,3,3,0,4,3
742,0,1,0,2,1,3,0,86,3,2,0,4,2,2,1,3,4,1,2,3
743,1,1,0,3,0,3,0,64,3,3,0,2,1,5,0,4,3,3,2,3
744,0,1,1,1,1,1,1,40,3,1,2,2,1,9,0,3,4,1,3,3
745,1,1,0,2,1,3,1,64,2,3,0,4,0,1,0,3,4,0,3,3
746,0,1,1,1,1,4,0,59,1,1,2,4,2,1,1,3,3,3,4,3
747,0,1,0,3,3,2,1,85,3,2,0,3,1,9,0,3,3,0,2,3
748,1,2,1,3,0,1,0,55,3,1,2,3,1,1,1,3,4,1,4,3
749,0,2,1,4,5,3,0,84,4,2,6,2,1,1,1,3,1,1,2,3
750,0,2,1,1,0,4,1,65,3,3,3,2,1,3,0,3,2,1,4,3
751,1,2,0,1,2,1,0,99,2,1,5,2,0,1,1,3,3,0,3,3
752,0,1,1,4,2,4,0,80,2,2,6,3,0,1,0,3,1,0,4,3
753,0,2,1,2,1,3,0,75,2,1,2,2,1,4,0,3,2,1,4,2
754,0,1,1,3,0,3,1,59,4,4,7,3,1,3,0,3,3,0,3,3
755,0,0,0,4,0,1,1,76,2,3,0,1,0,1,0,3,2,0,1,3
756,0,1,1,2,0,4,0,30,3,4,4,4,1,2,0,3,4,0,2,1
757,0,1,1,4,1,1,0,51,3,2,6,3,0,3,1,3,3,0,4,3
758,0,1,1,4,0,2,1,82,1,2,1,4,0,1,0,3,2,0,3,3
759,0,1,1,1,0,2,1,91,3,1,2,1,1,0,0,3,2,0,3,4
760,0,2,0,4,1,1,1,48,2,3,0,4,1,4,0,3,1,1,2,3
761,0,1,0,1,2,3,1,62,3,1,5,1,2,3,0,3,3,1,3,3
762,0,1,1,3,0,2,0,95,2,1,1,3,0,1,0,3,4,0,3,3
763,0,1,1,2,1,4,1,61,3,2,3,4,2,7,0,3,3,2,2,2
764,0,2,1,4,5,3,1,86,2,2,1,4,1,1,1,3,2,0,3,3
765,1,1,1,4,2,3,1,50,3,1,2,3,0,1,1,3,3,0,3,2
766,1,1,0,3,3,1,1,52,3,3,0,4,2,4,0,3,1,1,1,4
767,0,1,0,4,3,3,1,32,2,2,0,1,0,0,0,3,2,0,2,3
768,1,1,1,3,0,4,0,92,2,1,1,1,0,6,1,4,3,0,5,3
769,0,1,1,3,1,4,0,33,3,4,4,3,2,2,1,3,3,3,2,3
770,0,2,0,4,3,1,1,98,3,2,0,4,0,4,1,4,3,0,4,3
771,1,1,1,3,2,4,1,51,3,1,1,3,0,4,0,4,1,0,4,3
772,0,1,1,2,0,1,1,76,3,1,1,3,2,1,0,3,2,3,2,3
773,1,1,1,4,1,4,1,58,3,2,3,1,0,1,0,3,2,0,4,1
774,0,1,1,3,0,1,1,56,3,1,1,3,2,4,0,3,1,1,2,3
775,0,1,1,3,0,2,0,75,3,4,3,3,0,7,0,3,3,0,3,3
776,0,1,0,2,0,4,0,84,3,2,0,1,1,1,0,3,3,1,2,3
777,0,0,1,3,0,4,1,77,3,2,2,4,1,1,1,3,4,1,2,3
778,0,1,2,2,1,4,0,96,4,1,8,2,0,9,0,3,4,0,3,3
779,0,1,1,2,1,4,0,72,4,1,1,3,2,1,0,3,4,2,3,2
780,0,1,1,2,1,2,0,96,3,2,6,3,0,3,0,3,4,0,2,3
781,0,1,1,2,1,4,0,64,3,2,1,4,1,1,0,3,4,2,2,3
782,0,1,1,4,1,3,0,86,2,1,1,1,0,1,0,3,3,0,3,3
783,1,2,0,4,0,1,0,100,3,2,0,1,1,2,0,3,4,2,4,3
784,0,2,1,4,0,3,1,87,3,2,1,3,0,1,1,3,2,0,3,3
785,0,1,1,3,0,1,0,90,3,1,1,4,2,1,0,4,2,2,3,1
786,0,1,2,4,4,2,1,73,2,5,4,4,2,3,0,3,2,3,2,2
787,0,1,0,3,0,4,1,91,2,2,0,3,1,1,0,3,3,1,3,2
788,0,1,0,4,2,3,1,33,3,3,0,2,1,3,0,3,2,1,3,3
789,1,2,0,3,2,1,1,92,3,1,5,3,1,3,0,3,4,1,3,4
790,0,2,1,2,5,2,1,97,3,1,2,3,1,4,0,3,4,1,4,3
791,1,1,0,3,3,1,0,94,1,5,4,2,0,2,1,3,1,0,2,3
792,0,1,1,4,1,1,1,54,2,1,1,4,0,0,0,3,4,0,0,3
793,1,1,0,4,3,1,1,70,3,3,0,3,1,2,0,3,1,3,2,3
794,0,1,1,3,1,4,1,39,2,3,3,3,1,2,1,3,3,0,4,3
795,1,1,0,2,1,1,1,59,1,2,0,4,2,6,1,3,4,2,2,2
796,0,1,1,4,1,3,1,61,4,5,7,2,0,8,0,3,4,0,3,3
797,0,1,0,2,1,1,0,44,4,2,0,1,2,1,1,4,3,1,3,3
798,0,1,1,4,0,3,1,97,2,2,6,2,0,9,0,3,3,0,5,3
799,1,1,0,4,0,3,1,82,2,1,5,1,0,7,0,4,2,0,4,3
800,0,1,1,4,1,4,0,91,3,1,2,4,2,3,0,3,4,2,2,3
801,0,1,1,3,1,1,1,33,3,2,3,4,1,1,1,4,2,1,3,3
802,0,1,1,2,0,2,1,83,2,1,1,4,1,1,1,3,4,1,3,3
803,0,1,0,2,0,3,0,93,3,2,0,1,1,5,0,3,2,1,1,3
804,1,1,1,4,1,4,1,98,3,2,3,3,1,1,1,3,4,2,3,2
805,0,1,1,2,1,3,1,79,3,4,6,4,1,0,1,3,2,0,2,3
806,1,1,1,4,1,1,1,45,3,1,2,2,2,2,1,3,4,1,2,3
807,0,0,0,2,0,4,1,39,2,2,0,4,1,3,0,3,4,1,0,3
808,0,1,0,4,3,4,0,46,2,2,0,4,0,0,0,4,1,0,2,3
809,0,1,1,1,0,4,0,51,3,2,6,4,1,1,1,4,4,1,2,1
810,0,1,1,3,1,2,0,78,2,2,2,3,1,6,0,4,2,1,3,3
811,1,1,1,2,2,4,1,72,3,1,2,3,1,8,0,3,4,1,4,1
812,0,1,0,4,3,4,0,56,2,3,0,4,0,3,0,3,4,0,3,4
813,0,1,1,3,0,1,1,72,2,1,1,3,2,1,0,3,4,1,2,1
814,1,1,0,3,3,1,0,85,1,2,0,3,0,8,0,3,2,0,2,2
815,0,1,1,3,1,2,1,82,4,2,2,3,1,2,0,3,1,0,3,4
816,0,1,1,2,1,3,1,79,3,2,2,1,2,1,0,3,4,1,2,3
817,0,0,1,3,1,4,1,37,4,1,1,4,2,4,0,3,4,3,3,4
818,1,2,0,3,3,1,1,56,3,2,0,2,0,1,0,3,3,0,5,3
819,0,1,1,3,0,2,1,85,4,2,6,2,0,3,0,3,1,0,3,1
820,1,1,1,1,1,3,0,79,3,1,2,1,1,1,1,3,3,0,6,3
821,0,1,1,5,1,1,0,95,4,4,7,3,2,4,0,3,3,1,2,3
822,1,2,1,3,0,4,0,66,2,1,2,4,0,1,1,3,2,0,5,3
823,0,1,1,2,1,4,1,66,3,4,7,4,2,9,0,4,3,1,1,2
824,0,1,1,3,5,2,1,31,2,3,6,3,0,8,0,4,3,0,2,3
825,0,1,1,3,0,4,1,59,3,1,2,1,0,3,0,3,2,0,2,3
826,1,1,0,2,0,2,0,94,3,2,0,4,0,8,1,3,1,0,0,1
827,0,2,0,4,1,2,1,62,3,2,0,2,1,5,0,3,4,3,2,3
828,0,0,0,5,1,4,0,45,3,2,0,4,0,4,0,3,2,0,6,3
829,0,2,0,1,1,4,0,71,4,2,0,4,2,1,1,4,2,2,3,3
830,0,1,1,2,1,4,0,87,3,1,2,3,1,7,0,3,4,1,5,2
831,0,1,1,3,0,1,0,75,3,1,1,3,0,1,0,3,3,0,4,2
832,0,1,0,4,0,4,1,74,4,2,0,4,0,1,0,3,4,0,3,3
833,0,1,0,1,3,2,1,56,4,2,0,2,1,3,0,3,4,0,3,3
834,0,1,1,2,0,1,1,69,3,1,1,4,1,3,0,4,4,2,3,2
835,0,1,1,3,1,3,1,64,3,3,4,4,0,2,0,4,2,0,5,4
836,0,1,1,2,2,2,1,37,3,2,2,4,1,3,1,3,4,1,4,3
837,0,1,1,2,0,3,1,54,3,1,1,1,0,1,0,4,3,0,4,3
838,0,1,0,3,3,4,1,74,3,3,0,1,2,4,1,3,3,1,2,3
839,0,0,1,1,1,4,1,37,2,4,6,2,2,1,1,3,4,1,3,3
840,1,1,0,4,0,1,1,66,3,3,0,1,0,6,1,3,2,0,2,2
841,0,1,1,3,2,1,1,81,3,1,2,4,1,4,0,3,2,1,2,2
842,0,1,1,1,0,3,0,41,2,4,6,3,1,2,1,3,2,1,3,3
843,0,1,1,3,0,1,1,30,3,3,6,3,1,1,0,3,2,1,1,3
844,1,0,1,4,0,1,1,88,3,3,4,2,1,1,1,3,4,1,2,2
845,0,1,1,4,1,3,0,47,2,1,1,2,1,6,0,4,4,0,3,3
846,0,1,1,3,0,3,1,91,4,1,1,3,1,6,0,3,1,2,2,2
847,0,2,1,2,0,4,0,38,3,2,1,3,0,4,1,3,4,0,2,3
848,0,1,2,3,4,2,1,99,3,1,8,3,1,1,0,3,4,1,2,3
849,1,1,0,1,3,3,1,85,3,1,5,1,2,0,0,3,2,1,3,3
850,0,1,1,4,5,3,0,74,3,2,6,3,2,4,1,3,4,0,3,3
851,0,1,1,4,0,4,1,90,4,1,1,1,1,6,0,3,2,1,1,3
852,1,1,1,4,1,1,1,36,3,1,1,4,1,9,1,3,2,3,3,4
853,1,1,1,3,1,1,1,37,3,1,2,3,2,1,0,4,3,1,0,2
854,0,1,1,3,0,1,1,42,3,1,1,1,1,1,1,3,4,2,3,2
855,0,1,0,3,5,4,0,30,2,1,5,3,0,0,0,3,4,0,2,3
856,1,1,1,4,1,3,1,85,2,2,1,2,1,2,0,3,1,0,3,2
857,0,1,0,5,3,2,0,37,3,2,0,4,1,2,0,3,1,1,2,3
858,1,1,2,2,1,4,0,69,3,1,8,2,1,0,1,3,3,0,3,3
859,0,1,1,3,0,2,1,60,3,2,2,2,2,8,0,3,3,1,2,1
860,0,2,1,2,0,3,0,48,2,3,3,3,1,1,0,4,1,1,2,3
861,0,1,2,4,0,4,0,98,3,5,4,3,1,3,0,3,3,1,2,3
862,0,0,0,1,3,3,1,73,3,2,0,2,1,0,1,3,4,1,0,3
863,0,1,1,3,1,3,1,42,3,1,1,4,1,1,0,3,3,1,2,1
864,0,1,1,4,1,4,1,88,3,2,6,3,1,2,0,3,3,0,2,3
865,0,0,0,3,1,2,1,43,3,2,0,3,1,1,0,3,2,0,3,4
866,0,1,1,3,1,1,1,58,4,1,1,1,1,2,0,3,1,1,3,4
867,0,1,0,4,0,1,0,59,2,2,0,4,0,4,0,4,3,0,2,4
868,0,1,1,4,5,2,0,35,4,1,1,4,1,3,0,3,4,2,3,3
869,0,1,1,4,0,2,1,78,4,2,6,1,1,2,0,3,4,1,5,3
870,1,2,1,1,0,4,1,57,2,1,2,4,2,9,1,3,4,1,3,2
871,1,1,1,4,5,4,1,63,3,1,1,4,0,1,1,3,3,0,2,2
872,1,1,1,1,1,3,1,86,2,1,1,4,0,1,1,3,3,0,3,2
873,0,1,1,2,0,4,1,82,3,3,3,4,2,3,0,3,3,1,4,2
874,0,1,0,3,0,4,0,50,3,2,0,3,0,8,0,3,3,0,3,3
875,0,1,1,2,2,4,1,76,4,1,2,2,0,5,0,3,3,0,4,2
876,1,2,0,4,5,4,1,36,3,2,0,4,0,3,1,4,1,0,2,4
877,0,2,1,4,5,3,1,44,3,1,1,3,1,3,0,3,1,1,2,3
878,0,1,1,4,0,2,0,65,3,2,3,2,1,6,0,3,2,1,2,2
879,0,1,1,3,0,4,1,91,2,5,7,2,1,4,0,3,4,0,3,3
880,0,1,1,4,2,3,1,62,3,3,3,2,0,0,0,3,4,0,5,3
881,0,2,1,4,1,3,1,64,4,2,3,3,2,1,1,3,3,0,3,4
882,0,0,0,2,2,4,0,85,3,2,0,3,1,7,1,3,2,1,2,4
883,0,1,1,3,2,1,0,48,2,2,2,4,1,0,0,3,1,1,6,3
884,0,1,1,4,0,2,0,33,4,2,6,4,0,0,0,3,3,0,4,2
885,0,1,0,3,0,4,1,80,1,3,0,3,1,3,0,3,3,1,2,1
886,0,1,0,2,0,1,1,31,3,3,0,4,2,1,0,3,1,1,5,3
887,0,1,1,4,0,1,1,83,3,1,2,4,1,8,0,3,3,2,3,2
888,0,1,0,3,2,4,1,64,2,3,0,3,1,1,1,3,4,0,3,3
889,0,1,1,3,0,3,1,96,1,5,7,4,1,3,0,3,2,1,2,3
890,0,2,0,3,2,3,0,84,3,1,5,4,1,1,0,3,2,1,5,3
891,0,1,1,3,2,1,0,53,3,3,4,3,1,2,0,3,4,0,2,3
892,1,1,1,3,1,4,0,98,2,1,1,1,0,1,1,3,1,0,2,3
893,1,1,1,3,0,4,1,62,2,1,2,3,0,0,1,3,4,0,2,1
894,0,1,0,3,0,4,0,72,3,4,4,4,1,4,1,3,3,1,2,2
895,0,1,1,4,2,2,1,41,3,1,1,2,1,1,0,3,3,1,3,2
896,0,1,1,4,1,4,0,43,3,1,2,3,1,9,0,3,3,1,2,3
897,1,1,2,4,2,1,0,52,3,1,8,3,1,1,0,3,4,0,0,3
898,0,1,0,4,0,3,0,87,3,1,5,3,1,1,1,3,4,1,2,3
899,0,1,1,1,2,3,1,42,2,3,7,4,2,1,1,3,2,1,3,3
900,0,2,1,1,0,2,1,42,3,5,7,4,1,3,0,3,4,0,3,3
901,0,1,1,4,0,1,1,51,2,2,3,3,2,1,0,3,3,1,2,4
902,0,2,0,1,1,2,0,42,3,3,0,4,1,1,0,3,4,1,5,3
903,0,1,1,4,1,3,0,94,2,4,4,2,2,6,1,3,4,2,4,3
904,0,1,1,3,0,2,0,71,4,3,4,2,2,7,0,3,2,1,6,2
905,0,1,1,3,1,3,0,77,3,2,3,1,0,6,1,3,4,0,3,3
906,0,1,1,2,0,1,1,50,3,1,2,3,2,1,0,3,4,1,5,2
907,0,0,0,3,3,1,1,52,2,2,0,1,1,1,0,3,1,1,2,3
908,0,1,0,3,3,2,1,49,4,3,0,1,1,1,0,3,3,1,2,3
909,0,1,1,3,1,3,0,75,3,1,2,2,1,1,0,3,3,1,4,3
910,0,2,0,1,0,1,0,57,2,2,0,3,0,7,0,3,4,0,2,2
911,1,2,1,4,0,4,0,96,3,1,1,2,2,1,1,3,1,1,3,2
912,0,2,1,5,1,2,1,41,3,4,6,3,1,2,1,3,3,1,3,3
913,0,1,1,4,0,4,0,82,3,2,2,3,1,8,0,4,2,1,3,3
914,0,2,1,2,1,3,0,92,2,2,1,4,1,3,1,3,4,1,3,1
915,0,2,1,3,1,4,1,87,3,1,1,4,0,2,0,3,3,0,0,2
916,1,0,0,4,5,4,1,60,4,2,0,3,1,8,0,3,4,0,2,3
917,0,0,1,2,2,3,1,84,4,1,2,3,0,0,0,3,1,0,2,1
918,0,1,1,4,2,3,0,98,3,2,6,4,0,1,0,3,4,0,2,4
919,0,0,0,2,0,4,0,78,3,1,5,2,1,1,0,3,3,1,2,3
920,0,1,1,3,2,3,0,56,3,3,3,3,1,8,0,3,3,1,2,3
921,0,2,0,3,3,3,0,38,2,3,0,2,1,2,0,3,1,1,2,3
922,1,1,1,4,0,1,1,87,3,1,2,4,0,1,1,4,3,0,2,1
923,0,1,0,2,5,1,0,85,3,2,0,3,2,0,1,4,2,1,3,2
924,0,1,1,2,0,4,1,98,2,1,2,1,1,1,0,3,3,1,3,3
925,0,1,1,4,0,3,1,52,2,1,1,3,0,2,0,3,4,0,2,3
926,0,1,1,2,0,4,1,70,3,4,4,4,1,2,0,3,2,1,2,2
927,0,2,0,3,0,3,1,67,4,1,5,4,1,0,0,3,1,1,4,3
928,0,0,1,1,0,3,1,37,3,4,4,3,1,0,1,3,4,0,3,2
929,1,2,0,3,2,3,1,45,4,1,5,1,0,1,0,3,4,0,3,3
930,0,2,1,4,0,4,0,56,3,1,1,3,1,1,1,3,3,0,3,3
931,0,1,1,3,1,3,1,68,3,1,1,3,2,2,0,3,3,1,3,4
932,0,1,1,3,1,3,1,62,4,1,1,3,1,1,0,3,4,1,1,3
933,0,0,0,4,0,2,0,65,2,2,0,3,1,1,0,3,4,1,2,3
934,0,1,0,3,3,4,1,73,3,2,0,4,2,4,0,3,4,3,3,3
935,0,1,0,4,0,2,1,92,3,2,0,4,0,1,0,3,4,0,1,3
936,1,2,1,3,0,1,1,70,3,1,1,1,0,1,1,3,1,0,3,3
937,0,2,1,1,1,2,1,35,3,1,1,4,0,5,1,3,4,0,2,3
938,0,1,1,4,0,1,1,88,3,1,1,3,2,1,0,3,4,2,3,3
939,0,2,1,2,0,4,1,79,3,1,2,4,0,0,0,3,3,0,2,2
940,0,1,0,5,3,3,1,60,2,5,4,4,1,1,0,4,3,1,3,3
941,0,1,1,4,1,3,1,92,1,3,6,4,2,3,0,4,3,1,2,4
942,0,2,0,4,1,3,1,31,1,2,0,4,2,1,0,3,3,2,2,2
943,0,1,0,1,1,4,0,34,3,2,0,1,0,7,0,4,4,0,2,4
944,0,1,1,2,1,2,0,95,3,2,6,4,1,0,1,3,1,1,6,3
945,1,1,1,2,0,4,1,79,3,2,2,3,1,1,0,3,1,1,3,3
946,0,2,1,2,0,1,0,98,3,3,7,4,0,1,1,3,3,0,1,3
947,0,1,1,3,0,1,1,59,2,4,7,2,2,1,0,3,3,1,3,3
948,0,1,1,3,1,3,0,67,3,1,1,1,1,1,0,4,3,1,3,3
949,0,1,1,4,1,4,1,67,3,3,3,4,0,6,0,3,4,0,6,2
950,0,1,1,3,2,4,1,78,2,3,3,2,1,3,0,3,1,0,2,3
951,0,1,1,3,0,2,0,42,2,2,6,4,0,0,0,3,1,0,3,3
952,0,1,1,2,0,3,0,68,3,3,3,1,1,1,0,3,4,0,3,3
953,0,1,1,2,2,4,0,82,2,4,3,2,0,3,0,3,2,0,1,2
954,0,1,1,3,5,3,0,59,3,2,1,3,0,3,0,3,4,0,4,4
955,1,2,1,2,0,1,1,97,2,2,2,1,0,3,0,4,1,0,2,3
956,0,1,1,3,0,4,0,56,2,2,3,4,1,1,0,3,2,1,2,2
957,0,1,1,3,1,3,1,95,3,1,2,1,0,0,0,3,4,0,6,2
958,0,1,2,3,4,3,0,31,3,4,4,1,1,0,0,3,3,1,5,3
959,0,1,1,4,1,4,1,78,3,2,1,1,1,5,1,4,3,1,2,3
960,0,2,1,3,0,1,1,45,2,2,6,1,2,2,0,3,3,1,3,2
961,0,0,1,1,0,2,0,55,1,5,7,3,2,1,0,4,2,2,3,3
962,0,1,1,5,1,4,0,51,2,3,3,4,0,0,0,3,2,0,2,2
963,0,1,1,2,2,2,0,43,4,1,1,3,1,1,0,3,3,0,3,3
964,1,1,0,4,3,4,1,57,2,3,0,2,0,2,1,3,3,0,2,3
965,0,2,1,3,0,2,1,100,4,1,2,2,1,1,0,4,3,0,3,1
966,0,2,0,3,3,3,0,77,3,3,0,4,0,4,0,3,4,0,3,3
967,0,1,1,4,5,2,1,65,3,1,1,4,0,2,0,3,3,0,6,3
968,1,1,1,5,2,3,0,71,2,1,1,2,1,5,0,3,2,0,2,4
969,0,1,2,3,4,3,1,37,4,1,8,3,1,1,0,3,4,1,2,4
970,0,0,2,3,4,3,1,60,1,2,8,2,1,6,0,3,2,1,4,3
971,0,1,0,3,1,3,0,78,3,2,0,3,1,3,1,3,3,1,4,2
972,0,1,1,3,1,3,1,44,2,5,7,3,0,1,0,3,1,0,2,4
973,0,1,0,1,3,3,0,81,3,3,0,3,2,0,1,3,4,1,3,4
974,0,1,1,4,1,4,1,51,3,1,1,3,1,4,0,3,1,2,2,2
975,0,1,1,1,1,2,0,54,3,1,2,4,1,1,0,3,1,1,5,3
976,0,1,2,4,1,3,1,88,3,3,8,2,1,2,0,3,3,1,1,4
977,1,1,1,1,1,1,1,38,1,1,2,4,2,7,0,3,1,3,2,3
978,0,0,1,2,1,3,1,48,3,1,1,1,2,1,1,3,4,1,3,4
979,1,1,1,4,0,4,1,95,3,1,2,2,0,1,0,3,1,0,2,3
980,0,2,1,1,0,1,1,87,3,2,6,4,2,1,0,3,4,1,0,4
981,0,0,1,3,0,3,1,70,3,2,2,2,0,9,0,3,3,0,2,2
982,0,1,1,4,1,1,0,82,3,4,7,3,1,3,0,3,2,2,2,4
983,0,1,1,4,5,1,0,72,3,4,7,2,1,3,0,3,2,2,2,3
984,0,2,1,2,0,1,0,92,3,2,1,3,2,2,0,3,2,1,3,3
985,1,1,1,3,0,1,0,48,3,1,1,3,1,4,1,3,2,0,2,3
986,0,1,1,4,0,3,0,84,3,1,2,1,1,1,0,3,4,1,3,2
987,0,1,1,1,1,2,1,35,2,1,2,4,0,0,0,3,4,0,3,3
988,0,0,1,4,0,1,1,66,4,1,2,2,1,1,0,4,2,0,3,3
989,0,1,1,3,1,4,1,66,3,2,3,2,1,4,0,4,3,0,3,3
990,0,1,1,2,0,1,1,80,4,1,1,2,2,0,1,3,4,2,5,2
991,0,1,1,3,1,4,0,99,3,1,1,2,0,1,0,3,4,0,2,2
992,0,2,0,2,3,4,1,54,3,2,0,4,2,1,0,3,4,1,3,3
993,0,1,0,4,3,3,0,98,2,2,0,1,1,4,0,3,1,2,3,2
994,0,0,1,2,0,3,1,57,3,2,2,2,1,1,0,3,2,0,5,2
995,0,2,1,4,1,2,1,44,3,2,6,3,0,4,0,3,3,0,3,3
996,0,0,1,4,2,3,1,64,3,2,1,2,1,8,0,3,3,1,4,4
997,0,2,1,3,1,2,0,37,3,2,2,2,0,5,0,3,4,0,5,3
998,0,1,1,4,0,3,0,81,3,2,6,4,1,1,0,3,2,2,4,3
999,1,1,1,2,0,2,1,50,2,2,3,3,1,3,1,3,1,0,1,3
1000,0,1,0,2,2,2,1,46,1,2,5,3,0,0,0,3,1,0,3,3
1001,0,1,1,4,0,3,0,61,3,2,3,4,0,1,0,4,4,0,2,3
1002,0,2,1,4,0,1,1,80,4,2,2,1,1,3,1,3,4,1,3,3
1003,1,1,0,4,1,2,1,46,3,2,0,1,2,2,0,3,3,0,2,1
1004,0,1,1,3,0,3,0,98,2,2,3,3,1,1,0,3,3,1,3,3
1005,0,1,0,4,3,3,1,39,3,2,0,3,2,0,0,3,4,0,3,3
1006,0,1,1,3,2,4,0,91,2,1,1,1,2,1,0,3,3,1,2,3
1007,1,1,0,2,0,1,1,34,1,2,0,2,0,6,0,3,2,0,2,3
1008,0,1,1,3,1,2,1,56,1,2,2,4,0,4,0,3,1,0,3,3
1009,0,0,1,2,1,3,1,79,2,3,6,1,1,2,1,3,3,1,3,3
1010,0,1,0,3,3,4,1,75,3,2,0,3,1,4,1,3,3,1,3,2
1011,0,1,0,2,3,4,1,90,3,5,4,3,1,6,0,3,2,0,3,4
1012,1,2,1,2,0,1,0,47,4,1,1,3,0,3,1,3,1,0,2,3
1013,0,1,1,2,5,4,0,59,2,2,3,4,2,1,0,3,1,2,3,3
1014,0,1,1,4,0,2,0,64,3,1,2,3,0,4,0,3,3,0,2,3
1015,0,1,0,3,3,4,1,35,3,3,0,3,0,1,0,3,2,0,3,3
1016,0,2,1,3,5,3,1,61,4,1,2,4,1,0,0,3,1,1,3,3
1017,0,1,0,4,0,2,1,73,3,2,0,4,2,2,0,3,3,1,3,2
1018,0,2,1,4,1,1,0,30,2,3,6,1,0,3,0,4,3,0,1,2
1019,0,1,1,2,5,4,0,44,2,2,3,2,1,0,1,3,4,0,2,3
1020,0,1,0,5,3,4,1,82,4,3,0,3,2,0,1,3,4,2,3,3
1021,0,0,1,3,2,4,1,90,3,2,1,2,2,5,0,3,4,2,2,2
1022,0,1,1,3,5,2,1,45,3,1,2,4,2,1,0,4,1,1,4,2
1023,0,1,0,2,0,2,1,56,3,2,0,4,1,1,1,3,4,1,1,2
1024,1,1,0,1,0,3,1,51,2,3,0,4,1,1,1,3,1,1,6,3
1025,0,2,1,4,0,3,0,82,2,2,2,3,2,1,0,3,2,1,3,4
1026,0,1,1,4,1,3,1,45,3,4,7,3,1,3,1,3,4,3,5,2
1027,0,1,2,2,5,3,1,89,3,2,8,2,2,2,0,3,3,0,4,2
1028,1,1,1,1,0,3,0,79,3,1,2,4,1,1,1,3,4,0,4,2
1029,0,2,1,3,0,4,0,75,3,2,1,4,2,3,1,3,1,2,4,2
1030,0,1,1,4,1,1,1,82,4,1,2,4,1,1,0,4,2,1,2,3
1031,0,1,1,3,0,4,1,95,3,4,3,3,1,3,1,3,4,1,2,3
1032,0,2,0,5,0,2,1,71,3,3,0,1,1,1,0,4,4,1,3,2
1033,0,1,1,4,2,2,1,98,2,1,1,4,1,8,0,4,2,1,2,4
1034,0,1,1,4,0,4,1,35,3,2,1,1,2,6,1,3,3,1,3,2
1035,0,1,1,4,1,2,1,91,1,1,2,3,1,0,0,3,2,1,2,4
1036,0,2,1,3,0,4,1,52,2,1,2,4,1,1,1,3,2,1,2,3
1037,0,1,1,1,0,4,1,67,3,1,2,3,2,1,0,4,2,1,2,3
1038,0,1,0,3,0,3,1,74,3,3,0,4,2,4,1,3,2,1,5,2
1039,0,2,1,2,1,3,1,41,4,2,2,4,1,4,0,3,3,1,3,3
1040,0,0,1,4,0,3,0,52,3,2,6,3,1,1,0,3,4,1,5,3
1041,1,1,1,3,1,3,1,81,3,2,3,2,1,4,0,3,1,2,2,3
1042,0,1,1,4,0,2,1,79,3,2,2,3,1,1,1,3,2,1,3,3
1043,0,1,1,3,5,3,1,59,3,3,3,3,0,3,0,4,2,0,3,4
1044,1,1,0,1,0,4,0,45,2,3,0,1,1,1,0,3,1,1,3,1
1045,0,1,1,4,2,3,0,37,3,1,2,2,1,9,0,3,2,1,2,3
1046,0,1,1,4,5,3,0,65,3,1,1,1,1,8,0,3,4,1,3,2
1047,0,1,1,3,0,3,0,53,3,5,4,2,0,3,0,3,2,0,5,3
1048,0,0,1,4,0,3,1,57,3,2,6,3,2,1,0,4,1,1,2,2
1049,0,0,2,3,4,1,1,100,3,1,8,2,2,5,0,3,4,3,3,3
1050,0,0,2,4,4,3,0,32,2,5,4,4,1,9,0,4,4,1,3,3
1051,0,1,1,3,0,4,1,86,3,3,6,4,2,0,0,3,4,1,0,2
1052,0,1,1,3,0,2,0,47,3,2,6,1,2,2,0,3,2,1,3,3
1053,0,1,0,2,1,1,0,89,4,2,0,3,0,0,0,3,2,0,5,2
1054,0,1,1,2,0,4,1,79,4,2,6,1,2,6,0,4,1,1,3,3
1055,0,1,1,3,0,2,0,76,3,1,1,3,0,1,0,3,3,0,2,3
1056,0,1,1,2,0,2,1,94,3,4,7,1,1,6,0,4,3,1,3,3
1057,1,2,0,3,0,3,0,90,2,1,5,4,0,7,0,3,3,0,3,4
1058,0,1,0,3,1,1,1,78,2,2,0,2,1,2,0,3,2,2,2,3
1059,0,1,0,5,3,4,0,89,2,2,0,1,1,4,0,3,3,1,3,3
1060,0,0,1,3,1,2,1,67,3,2,2,2,1,4,0,3,3,1,3,4
1061,0,2,0,4,3,1,0,68,3,3,0,1,1,2,0,3,4,2,3,3
1062,0,1,1,3,0,3,0,69,2,4,3,4,0,3,1,3,1,0,4,3
1063,0,1,1,3,0,4,0,86,2,1,2,2,1,5,0,3,1,1,2,2
1064,0,1,0,2,3,4,0,33,2,5,4,2,1,2,0,3,3,1,2,3
1065,0,2,1,4,0,4,0,31,3,2,1,3,0,3,0,3,4,0,4,2
1066,0,1,1,2,0,4,1,63,3,1,1,3,0,0,0,3,4,0,2,4
1067,1,1,1,3,2,3,1,32,2,1,2,4,2,5,0,3,1,1,2,2
1068,0,1,1,3,1,4,0,74,3,1,2,1,2,4,1,3,2,1,2,2
1069,0,1,1,1,1,1,1,69,3,1,1,3,1,0,0,4,4,0,3,3
1070,0,1,1,2,1,4,1,76,3,1,2,2,1,1,0,3,3,0,6,2
1071,0,1,1,3,2,4,1,97,3,1,1,4,1,4,0,4,4,1,3,3
1072,0,1,1,2,0,1,0,67,3,2,1,3,1,3,0,3,3,2,6,2
1073,0,1,0,3,3,3,1,96,3,3,0,2,1,0,0,3,3,2,3,2
1074,0,1,0,5,0,1,0,83,3,4,4,2,0,3,0,4,4,0,2,3
1075,0,1,1,3,0,4,0,91,2,3,6,2,0,1,0,3,4,0,3,1
1076,1,2,1,1,5,3,0,84,3,3,6,4,0,0,1,3,1,0,1,3
1077,0,0,1,4,0,4,1,32,1,2,6,3,2,2,1,3,4,1,2,3
1078,0,1,0,3,5,4,1,61,3,2,0,2,1,0,0,3,2,1,3,4
1079,0,1,1,3,0,2,1,87,4,2,3,2,1,1,1,4,2,1,0,3
1080,0,1,1,3,1,2,0,66,3,2,6,3,1,4,0,3,1,1,3,2
1081,0,1,0,4,0,4,1,92,3,3,0,4,2,6,0,3,2,1,2,3
1082,1,1,0,5,3,2,1,96,2,2,0,1,2,5,1,3,2,3,3,3
1083,0,1,0,2,1,1,1,47,3,2,0,1,1,0,0,3,4,0,5,4
1084,0,1,0,1,0,2,0,70,3,2,0,3,1,1,0,4,1,0,3,2
1085,0,1,1,3,0,3,1,36,3,4,4,3,0,4,0,3,1,0,2,3
1086,0,0,1,2,0,4,1,37,2,2,1,3,0,1,0,3,4,0,2,3
1087,0,1,1,3,0,3,0,71,3,1,2,4,1,1,1,3,3,1,2,3
1088,0,1,1,3,0,4,1,76,3,1,1,4,1,3,0,4,1,1,3,3
1089,0,0,0,4,1,1,1,69,3,3,0,2,2,1,0,3,4,1,6,3
1090,0,1,0,5,3,2,0,75,3,2,0,1,2,5,1,4,3,1,2,2
1091,0,1,1,1,0,1,1,97,3,2,2,3,0,0,0,3,2,0,2,3
1092,0,2,0,5,3,1,0,79,3,2,0,3,1,7,0,3,3,1,4,2
1093,0,1,1,3,1,2,1,95,1,3,6,1,2,2,1,3,2,1,2,3
1094,1,1,1,3,0,3,1,54,3,1,2,3,0,1,0,3,3,0,2,3
1095,0,1,1,4,0,4,1,96,3,1,2,4,1,3,0,4,2,2,4,3
1096,0,2,1,4,1,1,1,79,2,1,1,4,0,0,1,3,3,0,2,4
1097,0,1,1,3,5,3,1,100,4,1,2,1,0,0,0,3,4,0,2,3
1098,0,1,1,3,0,4,1,60,4,1,1,2,2,1,1,3,1,1,2,2
1099,0,1,0,3,1,3,1,79,2,3,0,4,2,5,0,3,3,1,5,3
1100,0,1,1,3,1,4,1,45,3,2,1,2,2,0,0,3,3,2,4,2
1101,0,1,1,4,1,4,1,78,2,1,2,1,1,1,0,3,3,3,2,3
1102,0,1,1,2,0,1,0,39,3,1,2,4,2,5,0,4,1,1,2,3
1103,0,0,0,3,0,4,1,38,3,4,4,3,0,1,0,3,4,0,2,3
1104,1,1,1,3,0,1,0,69,3,1,2,1,2,1,1,3,4,1,2,3
1105,0,1,0,3,3,2,1,88,3,5,4,2,1,7,0,3,3,1,5,3
1106,0,1,1,5,0,1,0,93,3,4,7,2,0,3,0,3,3,0,3,4
1107,0,1,2,1,1,4,1,87,2,1,8,2,1,1,0,3,4,0,3,3
1108,0,1,1,1,1,3,0,51,3,1,2,2,0,1,0,3,3,0,3,1
1109,1,2,1,3,0,1,1,57,3,1,1,1,1,6,1,3,2,1,2,3
1110,0,1,1,3,5,4,0,35,3,2,6,2,0,3,0,3,1,0,3,2
1111,0,1,1,3,5,3,0,46,2,1,1,2,1,1,0,3,3,0,3,2
1112,0,1,1,3,0,3,1,96,3,1,1,4,1,1,0,3,2,0,0,2
1113,0,1,1,2,0,2,1,61,3,1,1,1,1,1,1,3,4,0,0,3
1114,1,1,0,3,2,4,1,56,3,2,5,4,1,3,0,3,3,1,6,4
1115,0,2,1,3,0,3,1,30,3,2,6,4,2,3,0,4,3,1,2,1
1116,0,2,1,2,1,2,0,40,2,1,2,3,0,0,0,3,2,0,6,2
1117,0,2,0,4,3,1,1,41,3,1,5,4,2,4,0,3,3,1,2,3
1118,0,1,1,4,0,1,0,92,3,2,1,4,1,1,1,3,4,1,2,2
1119,0,1,1,2,0,3,1,92,2,3,7,4,2,0,1,3,2,1,3,3
1120,0,1,1,3,0,2,1,66,3,2,1,2,1,1,0,3,2,2,3,3
1121,0,1,1,2,1,4,1,83,2,1,2,3,0,1,0,3,1,0,5,3
1122,0,1,1,1,1,4,0,41,2,2,3,3,2,1,0,3,2,2,6,3
1123,0,2,1,4,1,3,1,62,3,2,6,2,1,3,1,3,4,2,3,3
1124,0,1,1,2,5,1,0,51,3,3,2,2,1,4,0,3,3,1,3,2
1125,0,1,0,1,3,4,1,57,3,1,5,2,0,0,0,3,1,0,3,3
1126,0,1,0,4,0,4,1,88,3,4,4,2,0,1,0,3,2,0,2,3
1127,1,2,1,2,1,3,1,71,2,1,2,2,0,0,0,3,2,0,2,4
1128,0,0,1,4,5,3,1,81,3,2,2,3,2,3,0,3,3,2,2,4
1129,0,1,1,1,0,2,0,69,1,1,1,4,1,0,1,3,1,1,2,2
1130,0,1,1,2,0,2,1,71,3,1,1,4,2,2,0,3,4,2,0,4
1131,0,1,1,3,1,4,1,95,2,2,3,2,0,6,1,3,4,0,3,3
1132,0,1,0,1,3,1,1,52,3,4,4,3,1,3,0,3,4,1,3,3
1133,0,0,1,3,0,4,1,74,1,1,1,3,0,2,0,3,4,0,3,3
1134,0,1,0,4,1,4,1,93,3,2,0,4,2,1,0,3,3,2,5,3
1135,0,0,0,4,5,3,0,69,3,3,0,1,1,0,0,3,3,0,3,3
1136,0,0,0,2,1,3,1,40,1,2,0,2,0,1,0,3,1,0,4,3
1137,0,1,1,3,1,3,1,83,3,1,1,4,0,5,0,3,2,0,2,2
1138,0,0,0,4,2,1,1,84,3,2,0,4,2,4,0,3,4,2,3,3
1139,0,1,0,4,2,4,1,56,2,4,0,2,1,6,0,3,2,1,3,3
1140,0,1,1,4,2,4,0,63,3,3,6,3,1,3,0,3,1,0,0,3
1141,0,1,1,4,0,3,1,42,2,1,1,2,0,0,1,3,4,0,5,3
1142,0,1,1,4,1,4,0,95,3,2,3,1,2,9,1,3,2,2,4,3
1143,0,2,1,4,0,2,1,76,1,1,1,4,2,1,0,3,4,1,5,3
1144,1,1,0,3,3,2,0,52,1,1,5,2,0,1,0,3,3,0,3,3
1145,0,1,1,2,0,3,1,96,3,1,1,4,0,1,0,3,4,0,6,3
1146,0,1,1,3,1,4,0,60,2,2,2,4,1,0,0,3,2,1,0,3
1147,0,1,1,3,0,4,0,66,2,3,3,3,1,1,1,4,2,1,2,3
1148,0,1,0,3,1,4,0,53,4,4,0,4,1,3,1,3,3,1,2,3
1149,0,2,0,3,3,2,1,46,2,2,0,4,0,3,0,3,3,0,6,2
1150,0,1,0,4,3,1,1,67,2,3,0,2,2,2,0,3,2,1,2,2
1151,0,2,1,3,0,4,1,48,1,2,1,1,1,1,0,4,2,0,6,3
1152,0,1,0,3,1,1,0,80,3,2,0,3,0,1,0,3,4,0,3,3
1153,1,1,1,3,1,1,0,41,3,1,2,1,0,7,0,4,1,0,2,4
1154,0,1,1,3,0,1,1,56,3,5,4,3,1,5,0,3,1,0,2,2
1155,0,2,1,5,1,1,0,60,3,3,7,1,1,3,1,3,3,0,6,3
1156,0,0,1,3,0,3,1,60,2,1,2,2,2,1,0,3,3,3,4,3
1157,0,1,1,4,0,1,1,37,2,2,2,4,0,1,0,3,3,0,2,2
1158,0,1,0,4,0,3,1,57,3,2,0,4,0,0,0,3,2,0,4,3
1159,0,0,1,2,1,4,1,96,4,1,2,4,2,1,1,3,2,2,2,2
1160,1,2,0,2,1,4,0,95,3,1,5,3,1,2,1,3,3,2,3,3
1161,0,2,2,3,0,3,1,56,2,2,8,2,1,4,0,3,4,2,5,4
1162,1,1,1,3,0,3,1,63,4,1,2,1,1,1,1,4,3,2,2,3
1163,0,1,1,2,1,1,1,94,3,2,3,2,1,1,0,3,3,0,2,3
1164,0,1,1,4,1,3,1,87,3,1,1,2,0,1,0,3,2,0,4,3
1165,0,1,1,3,2,4,1,78,3,1,1,1,0,1,0,3,4,0,4,3
1166,0,1,0,4,0,2,1,41,2,1,5,3,1,3,0,3,2,0,2,4
1167,0,1,1,5,2,4,0,32,3,2,1,3,0,3,1,4,2,0,2,3
1168,0,2,1,1,2,4,0,30,3,2,3,4,0,2,0,4,4,0,3,2
1169,0,1,0,3,3,3,1,74,3,2,0,1,1,1,0,3,2,1,3,2
1170,1,1,0,3,0,3,1,99,3,1,5,4,2,1,1,4,2,1,2,3
1171,0,1,1,3,0,4,1,81,3,1,2,3,0,4,0,3,4,0,3,3
1172,0,1,1,3,0,3,0,95,4,2,2,4,1,2,1,3,2,1,1,2
1173,0,0,0,2,0,2,1,98,2,2,0,2,0,8,0,3,3,0,3,3
1174,0,2,1,4,1,3,0,81,2,4,3,4,1,3,0,4,3,0,3,3
1175,0,1,1,3,2,2,0,59,3,3,3,4,0,4,0,3,4,0,3,4
1176,0,1,1,3,0,4,0,43,3,4,7,1,1,4,1,3,2,0,2,3
1177,0,2,1,2,1,1,1,60,3,2,6,1,1,1,1,3,3,1,3,3
1178,1,1,0,3,5,4,1,37,2,1,5,2,0,1,1,3,2,0,3,4
1179,0,1,0,4,0,4,1,86,3,2,0,2,1,0,0,3,1,2,3,3
1180,0,1,1,5,5,2,1,30,2,1,2,4,0,0,0,3,3,0,2,3
1181,0,1,1,4,0,4,1,48,3,2,2,4,2,3,0,4,4,1,3,2
1182,0,1,1,4,0,4,0,33,3,1,2,1,2,1,0,3,4,1,6,3
1183,0,1,1,4,1,2,1,48,4,3,6,4,1,3,0,3,3,0,2,3
1184,1,1,1,3,0,3,1,50,2,1,2,3,0,5,1,3,2,0,4,3
1185,0,1,1,4,0,3,1,49,3,2,3,2,0,2,1,3,4,0,2,2
1186,0,2,1,2,0,4,1,42,3,1,2,4,1,1,1,4,3,1,3,3
1187,1,2,1,3,1,1,1,45,2,1,2,2,2,1,0,3,1,2,2,3
1188,0,2,1,2,0,4,1,36,3,2,6,3,2,1,0,4,3,3,2,3
1189,0,1,0,2,3,4,1,32,3,3,0,2,0,7,0,3,3,0,2,3
1190,0,1,1,1,1,3,0,95,3,1,1,4,1,8,1,4,3,1,0,3
1191,0,1,1,4,5,4,1,35,3,5,4,4,1,4,1,3,1,1,2,4
1192,0,2,1,4,1,4,1,35,3,1,1,2,2,8,1,3,4,1,2,3
1193,0,1,1,4,0,3,0,63,2,1,1,4,1,1,0,3,3,1,2,2
1194,0,1,2,2,4,4,1,57,3,1,8,2,2,3,1,3,3,1,4,4
1195,0,1,1,3,0,4,1,32,3,4,7,1,1,3,0,3,3,1,1,4
1196,0,1,0,2,2,2,1,55,3,1,5,3,1,0,1,4,2,1,4,3
1197,0,2,1,1,1,2,0,73,3,1,2,4,0,1,0,3,1,0,2,3
1198,0,1,0,5,3,3,1,94,3,3,0,2,1,1,0,3,1,2,3,3
1199,0,1,1,4,1,3,0,93,3,2,3,1,1,1,0,3,3,1,2,4
1200,1,1,0,3,2,4,1,86,3,3,0,1,0,0,1,4,1,0,2,3
1201,0,1,0,1,1,4,0,42,3,2,0,3,1,1,1,3,3,2,3,3
1202,1,1,0,3,0,2,1,64,3,3,0,2,0,9,1,3,3,0,2,2
1203,0,1,1,4,0,2,0,42,3,3,6,1,1,4,0,3,3,2,6,3
1204,1,2,0,4,3,1,1,63,3,2,0,4,1,1,1,3,3,0,4,3
1205,0,2,0,2,0,3,1,92,3,4,4,4,1,1,1,3,4,2,3,4
1206,0,1,1,3,1,4,1,63,3,1,1,2,1,0,1,4,1,1,2,3
1207,0,1,0,3,0,3,0,48,2,2,0,4,0,5,0,3,4,0,2,3
1208,0,2,1,4,0,1,1,72,2,2,3,3,1,2,0,3,4,1,1,3
1209,1,0,1,3,0,1,0,54,2,1,2,1,0,2,1,4,2,0,2,4
1210,0,2,2,3,1,1,1,59,3,1,8,4,1,0,0,3,4,1,2,3
1211,0,1,1,3,0,4,1,49,3,1,1,2,0,1,0,3,3,0,3,2
1212,0,1,0,3,0,3,1,44,2,3,4,4,2,9,0,4,3,1,3,2
1213,0,1,1,3,1,4,1,59,3,1,2,1,0,2,1,3,3,0,3,3
1214,0,1,1,1,0,2,1,52,3,1,2,3,1,0,0,3,3,1,2,3
1215,0,2,1,4,0,3,0,35,3,5,7,1,0,9,1,3,4,0,4,3
1216,0,1,0,2,0,2,0,99,2,2,0,4,0,1,1,3,2,0,3,3
1217,1,1,1,1,0,4,1,75,3,1,1,2,0,1,1,4,1,0,2,3
1218,0,1,0,2,2,3,0,65,2,2,0,2,1,1,1,3,4,0,2,3
1219,0,1,1,2,0,2,0,73,4,3,7,1,1,0,1,3,3,3,4,2
1220,0,1,1,2,0,2,1,93,4,2,1,3,1,0,0,4,1,1,2,2
1221,1,2,0,3,3,2,1,69,3,1,5,2,0,1,1,3,4,0,3,3
1222,0,1,1,4,0,2,0,95,3,1,2,1,2,3,0,3,2,1,5,3
1223,0,2,1,3,0,4,1,57,4,1,1,3,2,1,0,3,4,3,2,3
1224,0,1,1,3,5,3,0,35,3,2,3,2,1,0,0,3,1,1,2,3
1225,0,1,1,1,0,1,1,96,3,5,7,2,2,3,0,3,1,2,4,2
1226,1,2,0,2,2,2,1,50,3,2,0,3,1,3,1,3,1,1,4,3
1227,0,1,0,4,1,1,1,98,3,2,0,4,0,1,0,3,2,0,3,3
1228,0,1,1,4,0,2,0,72,4,1,1,4,0,2,0,3,3,0,2,3
1229,1,1,1,4,5,2,1,77,1,1,2,1,1,1,1,3,4,0,4,2
1230,0,1,1,2,2,3,0,90,2,4,6,3,0,7,1,3,4,0,2,3
1231,0,1,0,3,0,2,0,90,3,2,0,2,0,2,0,3,2,0,5,4
1232,1,1,1,2,0,1,0,67,1,1,1,2,0,7,1,3,4,0,4,3
1233,1,2,0,2,1,2,0,70,3,1,5,4,0,1,1,3,3,0,2,4
1234,1,1,1,3,0,2,1,47,2,1,2,4,0,1,0,4,3,0,3,2
1235,0,2,1,1,1,2,1,86,3,3,3,3,0,5,1,3,2,0,2,2
1236,1,1,1,4,0,2,0,72,3,1,1,2,1,9,1,3,1,3,2,3
1237,0,2,1,3,0,2,1,95,2,2,3,2,0,1,0,3,3,0,3,3
1238,1,1,1,3,0,3,0,36,2,1,2,1,0,1,0,3,1,0,6,2
1239,0,1,0,4,0,3,1,61,3,2,0,1,2,8,0,3,3,3,3,3
1240,1,1,1,3,1,2,1,61,3,1,1,4,1,2,1,3,1,1,2,2
1241,0,1,0,2,1,1,1,45,3,2,0,3,2,5,0,3,1,2,5,3
1242,0,1,1,4,0,1,1,80,3,2,6,3,1,6,0,3,2,2,2,2
1243,0,1,1,3,2,3,1,30,3,2,1,2,0,4,0,3,4,0,2,3
1244,0,1,1,3,0,4,0,42,3,1,1,4,0,1,0,3,2,0,3,3
1245,1,1,0,1,1,3,1,37,3,2,0,4,0,4,0,3,3,0,3,2
1246,1,2,0,3,0,3,1,44,3,4,0,1,0,0,1,3,2,0,2,2
1247,0,2,0,3,1,3,1,52,2,2,0,1,0,1,0,3,2,0,2,3
1248,0,2,1,4,0,4,0,74,3,3,4,2,1,6,0,3,2,2,2,3
1249,0,2,0,3,3,3,0,92,3,3,0,3,0,1,0,3,1,0,3,4
1250,0,1,1,3,0,1,0,97,3,1,1,4,2,1,0,3,1,3,5,3
1251,0,1,0,1,0,2,1,99,3,2,0,3,1,1,0,4,3,0,3,3
1252,0,1,2,1,0,3,0,61,3,1,8,3,1,1,0,4,4,1,3,3
1253,0,0,1,4,1,1,0,80,3,3,7,4,2,2,1,3,1,2,2,3
1254,0,1,1,4,0,1,1,62,4,1,2,4,1,2,1,4,3,1,2,2
1255,0,0,1,1,1,4,1,55,2,3,7,2,2,2,0,3,3,1,5,3
1256,0,1,0,4,0,1,1,46,3,2,0,1,1,2,0,3,4,1,6,1
1257,0,1,1,3,1,4,0,46,2,3,6,2,0,1,0,3,2,0,3,4
1258,0,1,0,2,0,1,0,100,3,2,0,4,1,1,0,3,3,1,1,3
1259,0,1,2,4,2,3,1,100,3,1,8,3,0,1,0,3,2,0,2,1
1260,0,0,0,2,0,4,1,56,3,2,0,4,0,7,0,3,4,0,3,3
1261,1,0,1,2,1,3,1,46,2,1,1,1,0,0,1,4,1,0,0,3
1262,0,1,1,3,2,3,1,51,3,1,1,2,1,0,1,3,4,1,3,2
1263,0,1,2,3,0,4,0,42,2,2,8,4,1,8,0,3,3,2,2,3
1264,0,1,0,4,1,4,1,39,3,3,0,3,2,1,0,3,3,1,2,2
1265,0,1,0,5,3,4,1,97,3,2,0,4,1,4,0,3,3,1,3,2
1266,0,1,0,3,2,3,0,75,1,4,4,2,1,3,1,3,2,1,2,2
1267,0,2,1,3,0,3,0,83,3,3,3,1,1,8,0,3,3,1,1,3
1268,0,1,1,2,1,4,1,82,3,1,2,2,2,1,0,3,2,1,2,3
1269,1,1,0,3,3,3,0,43,3,3,0,4,1,1,0,3,1,2,3,4
1270,1,1,1,3,2,2,0,39,3,1,2,3,2,3,1,3,1,2,2,3
1271,0,1,2,3,4,1,1,62,2,2,8,1,1,3,0,3,4,0,1,3
1272,0,1,1,2,0,3,1,63,2,1,2,4,1,1,0,3,4,1,5,2
1273,0,1,1,4,0,3,0,45,2,2,1,2,2,6,0,3,3,1,3,3
1274,0,2,1,2,0,1,0,71,1,1,2,4,2,3,0,3,1,1,2,3
1275,0,1,1,3,2,3,0,77,1,3,3,1,2,2,1,4,3,1,2,3
1276,0,2,0,4,3,3,0,75,3,1,5,3,1,6,0,3,4,1,3,3
1277,0,1,1,4,1,2,1,81,4,4,7,4,2,2,0,3,4,2,4,4
1278,1,1,1,3,2,1,1,84,3,1,2,1,0,1,0,3,2,0,2,3
1279,0,1,1,3,1,4,0,54,3,4,7,4,0,6,0,3,4,0,3,2
1280,0,1,1,3,0,2,1,83,3,1,2,2,2,1,0,3,2,2,3,3
1281,0,1,0,3,0,4,0,75,3,3,4,4,0,3,1,3,3,0,3,3
1282,1,2,1,3,0,4,0,33,3,1,1,3,0,1,0,3,1,0,2,1
1283,0,1,1,3,1,2,1,79,4,1,2,2,1,1,0,3,4,3,6,3
1284,0,0,1,2,1,3,0,72,3,2,3,3,0,7,1,3,3,0,3,3
1285,0,0,1,4,1,3,0,34,3,2,6,4,2,5,0,3,2,1,6,3
1286,0,0,1,2,0,2,1,73,3,1,1,4,0,1,0,3,4,0,2,3
1287,0,1,0,2,0,2,0,31,3,2,0,1,2,3,0,3,4,1,3,3
1288,1,1,0,4,0,1,1,46,2,3,0,3,1,5,0,3,3,0,2,1
1289,1,1,0,4,0,2,1,76,1,2,0,3,1,4,1,3,2,0,3,2
1290,0,1,1,3,0,3,1,85,3,2,3,3,1,3,0,3,1,3,2,2
1291,0,2,1,1,0,1,1,45,3,2,6,4,0,0,0,3,3,0,1,2
1292,0,1,1,5,1,2,0,91,3,4,4,3,1,3,0,4,3,1,6,3
1293,0,1,0,3,2,1,1,51,3,2,0,3,1,1,0,3,3,1,3,3
1294,0,1,1,2,0,4,0,49,2,2,2,3,0,0,1,3,4,0,3,3
1295,0,1,1,3,1,2,1,89,4,1,1,4,1,1,1,3,2,2,3,3
1296,0,0,1,3,1,4,1,50,3,1,1,4,1,1,0,3,3,3,6,2
1297,0,0,0,4,0,3,0,67,3,2,0,3,1,4,0,4,2,2,3,4
1298,0,0,1,3,1,4,1,57,3,1,1,2,2,6,0,3,4,1,1,1
1299,1,2,1,3,1,2,0,60,3,1,2,2,0,0,0,3,1,0,3,3
1300,1,1,1,4,0,4,0,51,3,1,1,3,0,1,1,3,4,0,2,3
1301,0,1,0,3,0,4,1,57,4,2,0,2,1,0,0,4,3,1,4,3
1302,0,1,0,4,3,3,1,67,2,3,0,4,1,7,0,3,1,1,2,2
1303,0,0,0,4,3,2,1,72,3,2,0,3,0,0,0,4,3,0,2,3
1304,0,1,1,3,1,4,1,56,3,3,3,1,1,1,1,4,4,1,5,2
1305,1,2,0,4,5,4,1,81,3,2,0,3,0,3,1,3,4,0,4,3
1306,0,1,0,4,3,4,0,80,3,2,0,4,0,3,0,3,3,0,1,4
1307,0,1,1,2,2,3,1,57,2,1,2,1,2,0,0,3,2,3,3,3
1308,0,1,0,4,1,2,1,68,2,1,5,2,1,0,0,3,2,1,2,3
1309,0,1,0,1,3,3,1,36,3,2,0,2,1,0,1,3,1,3,3,2
1310,0,0,1,1,0,3,1,88,2,3,3,3,0,1,0,4,3,0,2,3
1311,0,1,2,2,1,3,1,38,3,4,4,4,0,1,1,4,4,0,2,3
1312,0,1,1,1,0,3,1,33,3,3,3,2,2,1,0,4,4,1,6,4
1313,1,1,0,1,3,2,1,31,3,1,5,2,0,1,0,3,2,0,3,3
1314,0,1,0,4,3,2,0,83,3,5,4,1,0,3,0,3,4,0,2,2
1315,0,2,1,4,1,1,1,51,2,2,2,3,0,6,0,3,4,0,6,3
1316,0,1,1,3,1,2,1,48,2,1,1,2,1,1,0,3,2,1,3,2
1317,0,2,1,3,1,3,0,71,3,1,1,3,2,1,0,4,3,1,2,3
1318,0,0,0,4,0,1,1,40,3,1,5,4,2,2,0,3,2,2,3,2
1319,0,1,2,3,0,3,0,56,1,3,8,3,1,4,0,4,3,2,2,4
1320,0,1,1,3,1,4,0,98,3,4,6,2,0,3,0,3,3,0,6,3
1321,0,1,1,4,0,3,1,34,3,2,6,2,0,6,0,3,4,0,3,3
1322,1,1,1,4,1,3,0,53,2,3,3,1,1,7,1,3,4,0,0,2
1323,0,2,1,3,1,4,0,58,3,4,4,4,2,3,0,3,2,1,3,3
1324,0,1,1,2,1,1,1,86,3,5,7,1,1,4,0,3,3,1,4,2
1325,0,1,1,2,1,2,1,68,4,2,6,1,0,0,0,3,3,0,2,3
1326,0,2,0,3,0,4,0,90,3,2,0,3,0,1,0,3,4,0,2,3
1327,0,1,0,5,0,2,0,91,3,4,4,1,1,7,0,3,2,1,2,3
1328,0,1,1,3,1,3,0,96,2,2,6,1,0,1,0,3,2,0,2,3
1329,0,2,1,4,2,3,0,64,3,3,6,3,0,0,0,4,4,0,1,3
1330,0,0,1,4,1,1,1,35,4,4,4,4,0,2,0,4,3,0,3,2
1331,0,1,1,4,0,3,1,94,3,1,2,1,2,1,0,4,2,2,2,3
1332,0,1,1,4,5,4,0,73,3,2,1,2,1,4,1,4,4,1,2,3
1333,0,1,1,2,1,3,1,80,3,2,6,1,1,1,1,3,4,0,2,2
1334,0,0,1,1,0,3,1,74,2,3,6,3,1,3,0,4,4,1,3,2
1335,0,0,1,1,2,1,0,92,2,1,1,3,2,1,0,4,3,3,2,3
1336,0,1,1,3,0,2,0,55,4,1,2,4,1,3,0,3,2,0,3,3
1337,0,1,1,3,0,3,1,82,3,2,6,4,2,1,1,3,2,2,2,3
1338,0,1,0,3,3,4,1,55,3,2,0,4,0,1,0,3,4,0,2,2
1339,0,1,0,4,3,3,1,71,3,2,0,4,0,0,1,4,4,0,2,1
1340,0,0,2,2,0,3,1,43,3,1,8,4,2,1,0,3,2,1,2,3
1341,0,2,1,3,0,4,1,40,3,3,6,4,1,2,1,3,3,1,3,1
1342,0,2,0,3,0,3,0,86,4,4,0,1,1,9,0,3,4,3,0,2
1343,0,2,2,4,5,4,1,88,3,1,8,2,1,0,1,3,2,1,2,3
1344,0,1,1,2,0,4,0,66,3,1,1,4,0,1,0,4,4,0,3,3
1345,0,1,1,3,0,1,1,87,2,1,2,3,0,1,0,3,1,0,2,2
1346,0,2,1,4,1,2,0,88,3,3,7,3,0,9,0,3,3,0,3,2
1347,0,1,1,2,0,2,0,90,2,1,1,3,1,1,1,3,3,1,3,2
1348,0,1,1,2,0,2,1,73,3,1,1,2,1,4,0,4,1,0,1,3
1349,0,2,0,3,0,3,1,83,3,2,0,4,2,2,0,3,4,1,6,3
1350,1,1,1,3,2,3,1,85,3,1,1,3,0,0,0,3,4,0,1,2
1351,0,1,0,3,3,4,0,98,2,2,0,4,1,1,1,3,4,0,3,3
1352,0,1,0,4,3,2,0,81,3,2,0,2,1,1,1,4,1,0,2,3
1353,0,1,1,3,1,4,1,50,3,2,6,2,0,9,0,3,4,0,2,2
1354,1,1,1,1,1,2,1,56,3,3,4,3,1,7,1,3,4,0,2,4
1355,0,1,0,3,0,3,1,87,3,3,0,4,0,2,0,3,1,0,3,3
1356,1,1,0,3,0,2,0,71,1,2,0,3,1,3,1,3,3,1,2,3
1357,0,1,1,3,1,4,0,72,3,1,1,2,1,1,0,3,4,1,5,3
1358,0,1,1,1,0,2,1,94,1,1,2,1,1,1,0,3,1,1,3,2
1359,0,1,1,4,1,1,0,82,2,1,2,2,1,8,0,3,4,0,5,3
1360,1,1,1,1,2,4,1,32,3,1,2,4,1,1,1,3,2,1,3,4
1361,0,1,1,3,2,3,0,36,3,1,1,1,1,2,0,3,2,1,2,3
1362,1,1,1,4,1,4,0,94,3,3,6,4,1,1,0,3,4,1,3,2
1363,0,1,1,3,1,1,0,83,3,1,1,3,1,4,1,3,3,1,2,2
1364,0,1,1,3,1,3,0,52,2,2,3,4,0,5,1,4,2,0,4,2
1365,0,1,1,1,0,4,1,55,2,2,2,4,1,1,1,3,3,2,1,2
1366,0,0,2,5,1,4,1,79,4,2,8,1,1,7,0,3,1,1,3,4
1367,1,1,0,3,0,2,1,64,2,2,0,1,1,1,0,3,4,1,4,3
1368,0,1,1,4,1,4,1,40,3,5,7,4,2,9,0,3,4,2,0,3
1369,0,0,1,3,1,2,0,79,1,2,1,4,2,7,1,3,4,3,3,3
1370,0,2,0,3,3,3,0,80,2,3,0,1,1,4,0,3,4,0,5,4
1371,0,2,0,3,1,4,1,38,3,1,5,4,1,0,0,3,3,2,3,3
1372,0,2,1,3,0,1,0,73,3,5,7,2,1,3,1,3,1,0,1,2
1373,0,2,1,3,0,1,1,96,1,1,1,3,2,1,0,4,3,3,2,2
1374,0,1,1,2,5,4,1,94,2,1,2,2,1,1,0,4,4,1,2,3
1375,0,1,1,4,0,4,0,46,4,1,2,3,1,3,1,3,3,1,3,3
1376,1,2,0,3,3,4,0,54,3,1,5,4,0,1,1,3,2,0,3,3
1377,0,1,1,1,0,3,1,54,3,1,1,3,1,7,1,3,4,0,2,3
1378,0,1,1,2,2,1,1,62,3,2,1,4,2,1,0,3,1,2,3,3
1379,0,0,1,3,1,3,1,79,2,1,1,3,2,1,1,3,4,1,2,2
1380,0,0,1,4,1,1,0,60,2,4,3,3,1,4,1,4,4,3,2,2
1381,0,0,1,2,0,3,1,71,3,3,6,3,1,3,0,4,2,1,2,3
1382,0,2,0,4,0,4,1,48,2,3,0,1,1,5,1,4,3,1,2,3
1383,0,1,1,3,0,3,1,70,2,1,1,4,1,3,0,3,1,1,6,3
1384,0,0,1,5,1,2,0,72,3,2,1,3,1,3,1,3,1,2,2,3
1385,0,1,1,3,1,3,1,83,3,3,7,1,1,9,0,3,2,1,3,4
1386,0,1,1,2,0,4,0,67,2,2,1,2,1,3,0,3,1,1,2,3
1387,0,2,1,3,1,2,0,83,3,5,4,2,0,3,0,4,3,0,4,3
1388,0,1,1,1,0,3,0,43,3,1,1,1,0,3,0,3,4,0,3,2
1389,0,1,1,2,0,3,0,99,3,1,2,1,1,4,0,3,4,1,5,2
1390,0,0,1,3,1,4,1,76,3,1,2,4,0,1,0,4,3,0,5,3
1391,0,1,0,3,1,4,0,69,2,1,5,3,0,1,0,3,1,0,2,3
1392,0,1,1,3,0,2,0,32,3,3,3,2,0,4,0,3,4,0,3,3
1393,0,2,1,3,1,1,0,63,3,1,1,3,1,2,0,3,2,1,4,3
1394,0,1,1,4,0,3,0,76,3,2,3,3,1,9,1,3,2,2,2,3
1395,0,1,1,1,1,3,1,99,3,4,4,1,1,1,1,3,4,0,3,3
1396,1,1,1,3,1,1,1,55,2,1,1,2,0,4,1,4,2,0,0,3
1397,0,1,1,2,1,4,0,57,4,2,3,1,2,1,0,3,3,2,3,3
1398,0,1,1,1,0,1,1,31,3,1,1,3,2,1,0,3,4,1,1,2
1399,0,0,0,3,3,4,0,62,3,2,0,2,0,8,0,3,4,0,2,2
1400,0,1,1,2,0,4,1,47,3,1,1,3,1,1,0,4,4,1,2,3
1401,0,1,1,4,2,1,1,96,3,2,6,3,1,2,0,3,2,1,0,2
1402,0,1,1,2,0,1,1,32,3,2,3,3,0,0,0,3,1,0,6,3
1403,0,1,1,4,0,4,1,30,3,2,6,3,1,0,1,3,2,0,2,3
1404,0,0,1,2,0,4,1,72,3,2,6,4,2,3,1,3,3,0,2,3
1405,0,0,1,3,0,3,0,70,2,1,2,2,1,6,0,4,3,0,3,3
1406,0,2,1,4,5,4,1,91,3,1,1,1,2,5,0,3,3,2,2,3
1407,0,1,1,4,1,3,1,79,3,1,2,3,0,4,0,4,3,0,6,3
1408,0,2,1,4,2,4,0,88,2,2,6,4,1,0,0,3,4,3,4,4
1409,0,2,0,1,1,2,1,99,3,2,5,3,0,3,0,3,1,0,3,3
1410,0,1,0,4,3,2,0,77,1,2,5,4,1,2,1,4,1,2,4,2
1411,0,0,1,2,1,3,0,36,3,2,3,3,2,2,0,3,2,1,5,3
1412,0,2,1,2,0,4,0,97,3,2,3,2,2,7,0,3,2,3,3,3
1413,0,1,1,4,0,3,1,65,2,5,4,3,1,0,0,3,1,1,5,3
1414,0,1,1,4,0,2,1,88,3,1,2,2,1,3,0,4,3,1,3,3
1415,1,2,1,3,0,1,1,84,3,4,6,4,2,7,0,3,4,3,4,3
1416,0,1,0,4,3,2,1,52,4,2,0,4,2,0,1,3,2,1,3,3
1417,0,1,1,3,0,3,1,44,2,3,3,2,2,2,0,3,2,1,2,4
1418,0,1,1,4,0,4,1,62,2,1,1,3,2,3,0,3,3,1,3,3
1419,1,1,1,1,1,4,1,93,2,1,2,3,0,1,1,3,1,0,2,3
1420,0,1,1,2,0,1,0,90,3,1,1,1,1,2,0,4,4,1,3,4
1421,0,2,1,2,1,1,0,74,3,1,2,4,0,1,0,3,3,0,3,3
1422,0,2,1,5,1,4,1,72,3,2,2,3,2,3,1,3,2,1,3,3
1423,1,1,0,3,0,3,0,90,4,1,5,2,0,1,0,3,4,0,0,3
1424,0,2,1,3,1,2,1,71,3,4,7,1,2,7,0,3,4,2,3,2
1425,0,2,1,3,0,2,1,66,3,5,4,4,2,1,0,3,2,1,4,2
1426,1,1,1,2,0,1,1,98,2,3,2,3,0,9,1,3,4,0,2,3
1427,0,1,1,4,1,3,0,96,3,2,3,1,1,1,0,3,3,0,2,2
1428,0,1,0,1,3,3,1,87,2,2,0,1,1,1,0,3,1,0,1,4
1429,1,1,1,4,0,4,1,86,3,1,2,1,0,3,0,3,2,0,3,1
1430,0,1,1,2,2,4,1,78,3,2,1,1,2,3,1,3,2,2,3,3
1431,0,2,1,1,1,4,1,40,3,1,2,4,1,1,0,3,2,0,3,4
1432,0,1,2,2,4,3,1,88,3,1,8,4,1,0,0,3,3,1,1,1
1433,1,2,1,1,2,3,1,73,3,1,1,1,0,0,0,4,3,0,2,3
1434,1,1,1,3,2,2,0,49,3,5,7,3,1,1,0,3,4,0,0,3
1435,0,1,0,1,1,2,0,36,2,2,5,3,1,1,0,4,4,1,5,3
1436,0,1,0,4,0,3,1,70,3,1,5,4,0,3,1,4,4,0,3,2
1437,0,2,1,3,1,4,0,58,2,2,1,2,2,1,1,3,3,1,3,3
1438,0,0,1,2,1,1,1,65,2,4,4,4,1,9,0,4,4,1,1,3
1439,0,2,0,3,3,3,0,66,3,2,0,1,2,0,0,3,4,1,2,3
1440,0,1,1,3,0,3,1,58,4,2,6,3,1,3,0,3,3,1,3,3
1441,1,1,0,3,3,2,0,35,3,3,0,4,1,1,0,4,4,3,3,2
1442,0,1,0,3,0,3,1,57,3,2,0,3,1,1,0,3,2,1,3,3
1443,0,1,1,2,0,4,1,80,4,1,1,4,0,3,0,3,1,0,2,3
1444,0,1,0,4,0,3,0,51,3,2,5,4,0,3,0,3,3,0,2,2
1445,0,1,1,1,1,4,0,46,3,5,4,3,1,1,0,3,2,1,2,3
1446,1,1,0,4,3,3,1,82,2,2,0,2,0,7,1,3,3,0,3,2
1447,1,1,0,3,0,3,1,84,3,2,0,4,0,1,1,3,4,0,2,3
1448,0,1,1,2,5,3,1,75,3,1,2,4,2,1,0,3,3,1,3,3
1449,0,1,1,3,0,1,0,62,3,2,3,3,1,0,0,3,4,2,3,3
1450,0,1,1,3,1,3,0,81,4,1,2,1,1,4,1,4,1,3,3,2
1451,0,1,1,3,0,3,0,67,3,1,1,1,2,4,1,3,3,1,3,3
1452,0,1,1,4,1,4,1,62,1,1,2,3,1,1,0,3,3,3,3,4
1453,1,1,0,3,3,4,0,34,3,1,5,3,0,1,1,3,2,0,2,3
1454,0,1,0,3,1,1,1,43,2,2,0,2,2,1,1,3,2,1,3,2
1455,1,1,1,2,1,1,0,61,1,2,6,2,1,5,0,3,1,0,2,1
1456,0,0,1,3,0,3,1,41,2,1,2,3,1,1,0,3,3,2,3,3
1457,0,2,1,3,1,4,1,97,2,2,6,1,0,0,0,4,3,0,3,3
1458,1,1,1,2,0,4,0,97,3,1,2,2,1,1,0,3,1,1,3,1
1459,0,1,1,2,0,4,1,62,3,2,2,2,0,8,0,3,4,0,3,4
1460,0,2,1,3,5,3,0,77,2,1,2,2,1,1,0,4,3,1,2,3
1461,0,1,0,3,3,3,1,43,4,1,5,4,0,1,0,3,4,0,2,3
1462,0,1,0,3,3,4,0,97,3,1,5,4,1,1,0,3,1,0,3,3
1463,0,2,0,3,0,4,1,83,3,5,4,2,2,4,1,4,1,1,5,2
1464,0,1,0,4,0,3,1,94,3,2,0,1,1,3,1,3,4,3,2,3
1465,0,2,1,4,2,4,1,92,2,2,6,3,1,1,0,3,2,1,3,2
1466,0,1,0,3,1,1,1,48,4,2,0,1,2,1,0,4,1,1,5,3
1467,0,1,1,3,1,2,1,57,3,1,2,2,2,8,0,4,2,3,6,2
1468,0,2,0,4,0,1,1,92,3,2,0,4,1,1,0,4,3,1,5,3
1469,0,1,1,5,1,4,1,92,3,1,1,3,1,6,1,3,2,1,0,1
